year,1,2,3,4,5,6,7,8,9,10,11,12,13,14,15,16,17,18,19,20,21,22,23,24,25,26,27,28,29,30,31,32,33,34,35,36,37,38,39,40,41,42,43,44,45,46,47,48,49,50,51,52,53,54,55,56,57,58,59,60,61,62,63,64,65
1854,28.43,28.54,28.64,28.76,28.91,29.06,29.15,29.24,29.37,29.45,29.45,28.13,28.28,28.43,28.62,28.85,29.08,29.27,29.45,29.65,29.79,29.82,27.61,27.79,28.02,28.3,28.63,28.97,29.29,29.59,29.9,30.12,30.18,26.84,27.04,27.35,27.71,28.14,28.61,29.1,29.53,29.95,30.23,30.32,25.9,26.12,26.47,26.92,27.45,28.07,28.72,29.29,29.78,30.09,30.25,24.88,25.11,25.48,25.96,26.57,27.33,28.14,28.84,29.48,29.91
1855,28.98,28.91,28.78,28.58,28.38,28.18,28,27.88,27.89,27.89,27.94,28.55,28.52,28.42,28.27,28.12,27.98,27.84,27.73,27.78,27.82,27.85,27.95,27.94,27.9,27.83,27.76,27.69,27.62,27.58,27.67,27.76,27.8,27.16,27.17,27.19,27.2,27.21,27.24,27.29,27.34,27.44,27.57,27.6,26.22,26.26,26.33,26.41,26.52,26.69,26.89,27.03,27.12,27.26,27.34,25.17,25.27,25.38,25.52,25.73,26.04,26.39,26.67,26.83,27
1856,28.93,28.97,29.01,29.03,29.08,29.12,29.14,29.16,29.22,29.24,29.16,28.53,28.61,28.71,28.79,28.91,29.03,29.14,29.22,29.33,29.41,29.33,27.92,28.04,28.2,28.38,28.59,28.82,29.03,29.21,29.42,29.55,29.52,27.08,27.25,27.48,27.74,28.05,28.4,28.74,29.05,29.32,29.52,29.52,26.08,26.29,26.58,26.92,27.34,27.83,28.33,28.77,29.07,29.29,29.37,25.01,25.25,25.56,25.95,26.45,27.08,27.75,28.3,28.74,29.04
1857,27.72,27.81,27.92,28.06,28.23,28.38,28.5,28.59,28.73,28.8,28.86,27.47,27.59,27.74,27.9,28.09,28.28,28.41,28.52,28.71,28.83,28.87,27.12,27.25,27.44,27.65,27.88,28.11,28.29,28.45,28.67,28.84,28.9,26.58,26.72,26.96,27.23,27.51,27.79,28.05,28.27,28.49,28.69,28.76,25.85,26.05,26.33,26.64,26.98,27.36,27.73,28.01,28.2,28.41,28.53,24.96,25.24,25.57,25.93,26.34,26.83,27.31,27.68,27.92,28.16
1858,28.25,28.52,28.72,28.9,29.08,29.24,29.34,29.45,29.61,29.72,29.78,27.82,28.1,28.35,28.58,28.82,29.06,29.26,29.45,29.7,29.91,30.03,27.2,27.47,27.76,28.05,28.37,28.7,29.02,29.33,29.69,30.01,30.2,26.36,26.62,26.92,27.26,27.65,28.08,28.55,29.01,29.45,29.86,30.14,25.39,25.63,25.93,26.29,26.74,27.29,27.91,28.51,29.03,29.5,29.91,24.38,24.59,24.84,25.2,25.69,26.34,27.1,27.82,28.55,29.16
1859,29.09,29.1,29.06,28.97,28.85,28.71,28.56,28.45,28.4,28.36,28.34,28.68,28.74,28.74,28.69,28.61,28.49,28.35,28.2,28.15,28.09,28.03,28.1,28.18,28.25,28.26,28.24,28.18,28.07,27.94,27.91,27.82,27.79,27.29,27.43,27.57,27.65,27.69,27.7,27.67,27.6,27.55,27.48,27.42,26.35,26.56,26.75,26.9,27.04,27.16,27.25,27.24,27.15,27.12,27.07,25.37,25.61,25.84,26.06,26.29,26.55,26.82,26.94,26.86,26.81
1860,28.82,28.89,28.94,28.93,28.93,28.89,28.84,28.8,28.82,28.8,28.8,28.29,28.4,28.49,28.53,28.57,28.6,28.59,28.58,28.64,28.67,28.7,27.64,27.76,27.88,27.99,28.1,28.2,28.27,28.33,28.45,28.54,28.6,26.82,26.97,27.13,27.29,27.46,27.65,27.82,27.98,28.15,28.28,28.36,25.84,26.03,26.25,26.47,26.72,27.01,27.32,27.59,27.78,27.95,28.09,24.81,24.99,25.23,25.52,25.88,26.29,26.76,27.15,27.47,27.7
1861,28.58,28.64,28.67,28.66,28.62,28.54,28.46,28.45,28.53,28.63,28.75,28.4,28.51,28.61,28.65,28.67,28.67,28.64,28.65,28.75,28.87,28.96,28.01,28.16,28.33,28.46,28.58,28.66,28.72,28.81,28.95,29.09,29.19,27.37,27.58,27.81,28.03,28.23,28.43,28.62,28.79,28.97,29.11,29.22,26.43,26.73,27.05,27.35,27.66,28,28.34,28.62,28.83,28.99,29.09,25.36,25.65,26.01,26.42,26.85,27.33,27.86,28.29,28.61,28.79
1862,28.49,28.68,28.89,29.04,29.18,29.25,29.26,29.25,29.28,29.25,29.2,28.32,28.52,28.73,28.88,29.02,29.11,29.14,29.15,29.19,29.21,29.16,27.97,28.16,28.36,28.53,28.69,28.8,28.87,28.94,29.03,29.1,29.11,27.44,27.63,27.81,27.98,28.13,28.29,28.44,28.57,28.7,28.79,28.87,26.77,26.94,27.1,27.27,27.45,27.67,27.92,28.13,28.29,28.44,28.58,25.99,26.14,26.28,26.42,26.63,26.92,27.31,27.65,27.94,28.12
1863,28.73,28.65,28.51,28.32,28.16,27.97,27.8,27.68,27.66,27.64,27.67,28.32,28.24,28.12,27.97,27.84,27.69,27.54,27.43,27.42,27.43,27.43,27.7,27.64,27.57,27.49,27.41,27.33,27.25,27.2,27.21,27.24,27.26,26.87,26.85,26.84,26.84,26.84,26.86,26.89,26.91,26.94,26.96,26.98,25.91,25.94,26.01,26.1,26.21,26.35,26.55,26.67,26.68,26.69,26.71,24.97,25.05,25.18,25.35,25.57,25.87,26.2,26.46,26.54,26.51
1864,28.55,28.58,28.61,28.65,28.7,28.78,28.84,28.94,29.09,29.25,29.38,28.11,28.15,28.22,28.31,28.41,28.54,28.68,28.84,29.08,29.32,29.47,27.53,27.55,27.65,27.78,27.96,28.17,28.41,28.67,29.01,29.31,29.53,26.73,26.76,26.86,27.04,27.28,27.59,27.95,28.33,28.72,29.07,29.36,25.76,25.82,25.96,26.17,26.46,26.86,27.37,27.88,28.29,28.68,29.04,24.77,24.86,25.03,25.28,25.64,26.13,26.72,27.32,27.9,28.32
1865,29.27,29.3,29.34,29.35,29.35,29.35,29.31,29.3,29.34,29.37,29.36,28.96,29.01,29.08,29.14,29.19,29.25,29.29,29.33,29.44,29.53,29.53,28.45,28.51,28.6,28.71,28.86,29.01,29.15,29.31,29.5,29.65,29.71,27.69,27.76,27.88,28.06,28.27,28.54,28.83,29.11,29.37,29.56,29.68,26.7,26.8,26.98,27.21,27.52,27.91,28.37,28.8,29.1,29.34,29.5,25.7,25.8,26,26.27,26.65,27.17,27.76,28.33,28.81,29.09
1866,29.23,29.19,29.15,29.07,29.01,29,29.02,29.14,29.36,29.66,30.03,28.76,28.77,28.79,28.81,28.86,28.96,29.1,29.3,29.59,29.96,30.31,28.14,28.17,28.24,28.35,28.54,28.78,29.07,29.41,29.82,30.22,30.58,27.34,27.38,27.48,27.69,27.99,28.38,28.85,29.35,29.86,30.32,30.64,26.34,26.41,26.57,26.85,27.25,27.8,28.48,29.15,29.72,30.18,30.55,25.38,25.43,25.61,25.94,26.44,27.14,27.95,28.75,29.55,30.11
1867,28.89,29.01,29.1,29.14,29.16,29.17,29.15,29.16,29.19,29.22,29.2,28.55,28.66,28.77,28.84,28.91,28.96,29,29.05,29.12,29.24,29.24,27.99,28.12,28.24,28.36,28.49,28.62,28.74,28.87,29.03,29.18,29.25,27.2,27.34,27.48,27.66,27.84,28.06,28.31,28.54,28.77,28.95,29.07,26.19,26.35,26.55,26.77,27.04,27.36,27.76,28.13,28.39,28.57,28.8,25.21,25.35,25.54,25.78,26.1,26.56,27.08,27.58,28.04,28.32
1868,28.84,28.99,29.13,29.27,29.4,29.51,29.56,29.59,29.59,29.55,29.39,28.45,28.6,28.79,28.99,29.18,29.37,29.51,29.62,29.71,29.78,29.68,27.92,28.07,28.29,28.55,28.84,29.12,29.38,29.61,29.83,29.98,29.97,27.2,27.36,27.6,27.92,28.29,28.68,29.09,29.46,29.78,29.98,30.05,26.26,26.45,26.75,27.13,27.57,28.09,28.67,29.2,29.57,29.79,29.96,25.34,25.52,25.82,26.23,26.75,27.4,28.1,28.75,29.32,29.66
1869,29.33,29.38,29.38,29.36,29.33,29.3,29.28,29.34,29.47,29.61,29.73,28.85,28.93,29,29.06,29.12,29.21,29.31,29.45,29.66,29.88,30.01,28.18,28.29,28.42,28.59,28.78,29,29.24,29.52,29.82,30.11,30.29,27.32,27.42,27.6,27.84,28.15,28.51,28.93,29.37,29.77,30.14,30.35,26.27,26.38,26.6,26.91,27.31,27.83,28.42,29.01,29.52,29.89,30.19,25.27,25.36,25.56,25.9,26.37,27.03,27.78,28.47,29.13,29.6
1870,28.4,28.42,28.47,28.52,28.61,28.69,28.77,28.89,29.01,29.06,29.09,28.17,28.22,28.33,28.46,28.63,28.81,28.98,29.15,29.32,29.42,29.45,27.71,27.8,27.97,28.21,28.5,28.8,29.09,29.36,29.63,29.82,29.84,26.96,27.11,27.36,27.71,28.11,28.55,28.99,29.41,29.75,29.96,29.99,25.99,26.19,26.51,26.94,27.48,28.08,28.71,29.26,29.65,29.9,29.92,24.91,25.14,25.51,26,26.63,27.4,28.19,28.86,29.37,29.69
1871,28.86,28.92,28.95,28.94,28.93,28.92,28.91,28.96,29.04,29.09,29.13,28.5,28.61,28.72,28.82,28.93,29.02,29.1,29.2,29.32,29.39,29.43,27.9,28.07,28.28,28.51,28.75,28.98,29.19,29.39,29.6,29.74,29.76,27.06,27.28,27.59,27.94,28.32,28.7,29.08,29.42,29.7,29.86,29.87,26.05,26.33,26.7,27.16,27.68,28.24,28.8,29.28,29.61,29.8,29.8,24.99,25.29,25.72,26.25,26.88,27.61,28.35,28.96,29.39,29.64
1872,28.15,28.19,28.2,28.21,28.23,28.24,28.23,28.23,28.25,28.22,28.15,27.64,27.7,27.75,27.79,27.82,27.86,27.86,27.87,27.9,27.92,27.84,27.01,27.09,27.18,27.26,27.34,27.41,27.46,27.52,27.57,27.62,27.58,26.25,26.33,26.45,26.56,26.68,26.81,26.94,27.07,27.16,27.25,27.24,25.35,25.45,25.61,25.77,25.95,26.16,26.4,26.62,26.74,26.81,26.89,24.55,24.63,24.77,24.94,25.17,25.51,25.9,26.2,26.39,26.5
1873,28.65,28.76,28.81,28.83,28.85,28.85,28.81,28.77,28.73,28.74,28.59,28.34,28.47,28.54,28.61,28.67,28.7,28.68,28.64,28.6,28.6,28.44,27.84,27.96,28.1,28.25,28.38,28.48,28.53,28.53,28.54,28.52,28.35,27.05,27.25,27.47,27.71,27.93,28.12,28.28,28.37,28.4,28.35,28.18,26.11,26.37,26.67,27.01,27.35,27.7,28.01,28.2,28.21,28.13,27.98,25.09,25.4,25.78,26.19,26.66,27.18,27.68,28.01,28.08,28.02
1874,28.67,28.82,28.95,29.08,29.24,29.39,29.51,29.61,29.7,29.79,29.73,28.22,28.38,28.53,28.71,28.93,29.16,29.35,29.53,29.69,29.87,29.85,27.59,27.72,27.9,28.15,28.44,28.76,29.08,29.37,29.66,29.9,29.95,26.74,26.87,27.09,27.37,27.74,28.16,28.62,29.05,29.44,29.73,29.87,25.82,25.95,26.16,26.48,26.9,27.43,28.05,28.61,29.06,29.39,29.66,24.9,25.02,25.22,25.54,26,26.64,27.38,28.08,28.7,29.13
1875,28.13,28.2,28.28,28.38,28.54,28.63,28.7,28.78,28.88,29,29,27.8,27.9,28.03,28.19,28.41,28.59,28.75,28.9,29.05,29.24,29.25,27.26,27.39,27.58,27.82,28.11,28.4,28.69,28.96,29.22,29.45,29.5,26.49,26.64,26.87,27.18,27.56,27.97,28.42,28.82,29.19,29.45,29.56,25.53,25.7,25.98,26.37,26.82,27.38,27.99,28.55,28.96,29.23,29.44,24.61,24.78,25.06,25.46,26,26.68,27.42,28.09,28.67,29.05
1876,28.72,28.83,28.92,28.99,29.07,29.12,29.13,29.16,29.22,29.31,29.27,28.38,28.51,28.63,28.75,28.86,28.97,29.05,29.12,29.23,29.37,29.35,27.8,27.94,28.1,28.3,28.49,28.68,28.86,29.03,29.19,29.39,29.42,27.03,27.15,27.34,27.58,27.84,28.13,28.44,28.73,28.98,29.22,29.31,26.14,26.24,26.44,26.71,27.02,27.42,27.89,28.32,28.64,28.87,29.08,25.21,25.3,25.47,25.73,26.12,26.64,27.24,27.79,28.28,28.61
1877,28.22,28.26,28.29,28.3,28.3,28.32,28.35,28.42,28.51,28.56,28.6,27.72,27.79,27.85,27.92,28,28.09,28.2,28.33,28.49,28.61,28.69,27.1,27.17,27.26,27.38,27.54,27.73,27.95,28.18,28.45,28.66,28.81,26.34,26.39,26.5,26.66,26.89,27.19,27.54,27.9,28.26,28.54,28.74,25.49,25.56,25.66,25.83,26.12,26.53,27.03,27.52,27.94,28.29,28.53,24.63,24.66,24.76,24.96,25.29,25.81,26.44,27.04,27.59,28.01
1878,29.04,29.13,29.18,29.19,29.21,29.2,29.13,29.08,29.05,29,28.95,28.69,28.78,28.85,28.89,28.92,28.94,28.91,28.87,28.87,28.88,28.87,28.2,28.28,28.35,28.42,28.5,28.56,28.59,28.62,28.67,28.75,28.79,27.48,27.59,27.67,27.76,27.87,28,28.12,28.24,28.33,28.45,28.53,26.63,26.74,26.84,26.95,27.1,27.32,27.58,27.79,27.9,28.02,28.18,25.76,25.84,25.92,26.03,26.21,26.51,26.9,27.26,27.51,27.65
1879,28.88,28.95,28.96,28.93,28.89,28.83,28.73,28.67,28.66,28.66,28.67,28.55,28.64,28.71,28.75,28.79,28.81,28.79,28.77,28.8,28.84,28.86,27.96,28.12,28.27,28.41,28.55,28.67,28.76,28.84,28.93,29.03,29.07,27.12,27.31,27.53,27.79,28.06,28.33,28.57,28.77,28.92,29.04,29.09,26.1,26.34,26.61,26.95,27.32,27.76,28.2,28.57,28.75,28.86,28.94,25.02,25.27,25.59,25.97,26.45,27.03,27.65,28.16,28.51,28.65
1880,28.54,28.59,28.62,28.66,28.72,28.78,28.8,28.85,28.93,29,29.07,28.2,28.23,28.28,28.33,28.4,28.47,28.5,28.54,28.63,28.73,28.83,27.68,27.73,27.8,27.88,27.98,28.07,28.15,28.23,28.34,28.49,28.61,26.98,27.02,27.12,27.25,27.39,27.54,27.7,27.84,27.97,28.13,28.26,26.12,26.19,26.3,26.46,26.65,26.9,27.18,27.44,27.57,27.69,27.89,25.2,25.29,25.42,25.59,25.84,26.19,26.6,26.96,27.23,27.35
1881,29.21,29.34,29.4,29.4,29.37,29.31,29.25,29.23,29.23,29.22,29.17,28.77,28.95,29.07,29.12,29.16,29.17,29.17,29.2,29.25,29.28,29.24,28.11,28.32,28.51,28.65,28.77,28.88,28.98,29.1,29.22,29.29,29.32,27.24,27.46,27.71,27.93,28.14,28.37,28.6,28.83,29.03,29.11,29.21,26.24,26.48,26.75,27.06,27.36,27.71,28.09,28.44,28.66,28.79,28.96,25.23,25.46,25.74,26.07,26.46,26.93,27.46,27.93,28.28,28.49
1882,28.57,28.58,28.6,28.63,28.7,28.77,28.85,28.95,29.08,29.17,29.23,28.13,28.15,28.21,28.3,28.43,28.58,28.73,28.9,29.08,29.23,29.31,27.51,27.54,27.65,27.81,28.03,28.27,28.52,28.79,29.08,29.26,29.41,26.71,26.75,26.89,27.12,27.41,27.76,28.15,28.55,28.91,29.12,29.34,25.77,25.83,26,26.27,26.65,27.12,27.66,28.18,28.57,28.85,29.14,24.76,24.82,25.03,25.31,25.75,26.34,27.02,27.66,28.21,28.58
1883,28.76,28.8,28.78,28.73,28.66,28.57,28.48,28.44,28.44,28.42,28.38,28.45,28.51,28.53,28.53,28.52,28.51,28.5,28.51,28.57,28.61,28.53,27.92,27.98,28.06,28.14,28.22,28.3,28.39,28.51,28.65,28.72,28.63,27.17,27.24,27.34,27.49,27.65,27.84,28.07,28.32,28.54,28.57,28.53,26.28,26.36,26.48,26.66,26.89,27.21,27.59,27.96,28.22,28.27,28.33,25.29,25.37,25.53,25.72,26.01,26.43,26.95,27.45,27.85,28.01
1884,27.96,28.02,28.08,28.14,28.24,28.35,28.45,28.58,28.72,28.82,28.88,27.56,27.64,27.74,27.85,28,28.17,28.33,28.51,28.71,28.88,28.9,27.03,27.12,27.25,27.43,27.64,27.88,28.13,28.4,28.69,28.88,28.91,26.35,26.44,26.59,26.81,27.08,27.41,27.77,28.15,28.5,28.66,28.74,25.53,25.64,25.79,26.03,26.36,26.79,27.29,27.77,28.14,28.31,28.5,24.59,24.71,24.9,25.14,25.52,26.04,26.66,27.25,27.76,28.03
1885,28.03,28.07,28.11,28.17,28.25,28.33,28.39,28.56,28.69,28.65,28.53,27.53,27.61,27.72,27.86,28.03,28.21,28.37,28.58,28.8,28.79,28.74,26.86,26.98,27.16,27.41,27.69,27.99,28.3,28.61,28.89,28.99,29,26.07,26.23,26.49,26.81,27.2,27.63,28.09,28.53,28.83,29.06,29.09,25.07,25.26,25.6,26.03,26.55,27.17,27.78,28.29,28.66,28.92,29.01,24.02,24.2,24.53,25.02,25.63,26.39,27.22,27.88,28.4,28.75
1886,28.65,28.8,28.95,29.09,29.24,29.37,29.46,29.5,29.67,29.61,29.47,28.21,28.41,28.62,28.85,29.09,29.31,29.49,29.66,29.81,29.76,29.68,27.53,27.77,28.09,28.43,28.78,29.12,29.41,29.68,29.89,29.92,29.89,26.61,26.94,27.35,27.79,28.25,28.72,29.16,29.55,29.76,29.92,29.9,25.55,25.89,26.36,26.91,27.51,28.16,28.76,29.23,29.52,29.71,29.76,24.44,24.76,25.23,25.83,26.53,27.32,28.13,28.76,29.21,29.5
1887,28.04,28.14,28.22,28.27,28.31,28.32,28.35,28.5,28.58,28.66,28.7,27.64,27.77,27.9,28.02,28.14,28.25,28.41,28.58,28.73,28.87,28.88,27.03,27.19,27.35,27.56,27.8,28.06,28.33,28.58,28.85,29.02,29.09,26.15,26.31,26.56,26.86,27.21,27.59,27.99,28.4,28.76,28.98,29.13,25.09,25.28,25.56,25.92,26.37,26.9,27.48,28.03,28.45,28.75,29,24.02,24.19,24.46,24.87,25.4,26.09,26.86,27.52,28.1,28.49
1888,28.92,28.96,28.96,28.93,28.9,28.85,28.81,28.79,28.85,28.95,29,28.64,28.74,28.78,28.8,28.82,28.85,28.85,28.87,29,29.13,29.17,28.22,28.33,28.42,28.49,28.58,28.68,28.79,28.91,29.14,29.33,29.37,27.52,27.62,27.75,27.88,28.06,28.28,28.53,28.8,29.09,29.25,29.33,26.59,26.71,26.86,27.08,27.36,27.73,28.17,28.57,28.89,28.99,29.11,25.58,25.67,25.85,26.08,26.44,26.94,27.54,28.1,28.55,28.75
1889,29.03,29.12,29.21,29.3,29.4,29.49,29.56,29.62,29.71,29.83,29.89,28.56,28.68,28.8,28.92,29.05,29.2,29.29,29.38,29.57,29.73,29.79,27.96,28.08,28.21,28.35,28.52,28.71,28.88,29.07,29.35,29.59,29.69,27.12,27.21,27.32,27.49,27.71,27.97,28.27,28.59,28.95,29.18,29.36,26.11,26.19,26.31,26.5,26.77,27.15,27.6,28.05,28.43,28.64,28.93,25.07,25.13,25.26,25.44,25.75,26.23,26.81,27.38,27.91,28.22
1890,28.53,28.64,28.69,28.73,28.76,28.77,28.76,28.73,28.74,28.77,28.75,28.08,28.24,28.38,28.48,28.57,28.65,28.66,28.64,28.71,28.75,28.69,27.5,27.69,27.89,28.07,28.24,28.39,28.48,28.56,28.7,28.77,28.7,26.64,26.85,27.11,27.38,27.66,27.94,28.17,28.38,28.56,28.59,28.54,25.53,25.81,26.15,26.54,26.96,27.4,27.83,28.16,28.34,28.3,28.28,24.34,24.66,25.08,25.53,26.08,26.69,27.3,27.78,28.06,28.09
1891,28.2,28.22,28.28,28.33,28.42,28.53,28.63,28.73,28.83,28.93,28.98,27.79,27.85,27.91,28,28.13,28.28,28.41,28.54,28.68,28.82,28.88,27.29,27.35,27.44,27.57,27.76,27.95,28.13,28.31,28.53,28.73,28.8,26.56,26.61,26.74,26.94,27.18,27.45,27.72,27.97,28.25,28.45,28.6,25.64,25.72,25.88,26.12,26.43,26.81,27.24,27.62,27.91,28.13,28.35,24.65,24.75,24.96,25.25,25.64,26.17,26.76,27.24,27.59,27.86
1892,28.35,28.46,28.55,28.61,28.68,28.74,28.79,28.88,28.99,29.12,29.24,28.01,28.18,28.31,28.45,28.6,28.75,28.9,29.04,29.2,29.4,29.54,27.54,27.73,27.93,28.15,28.41,28.67,28.92,29.16,29.44,29.7,29.81,26.82,26.99,27.25,27.58,27.94,28.33,28.73,29.14,29.52,29.77,29.93,25.94,26.12,26.43,26.79,27.24,27.78,28.36,28.92,29.35,29.64,29.89,25.03,25.19,25.47,25.86,26.39,27.07,27.82,28.49,29.07,29.48
1893,28.44,28.47,28.5,28.6,28.72,28.86,29.03,29.28,29.46,29.64,29.82,28.17,28.19,28.27,28.4,28.58,28.8,29.06,29.33,29.61,29.86,30.07,27.75,27.76,27.86,28.04,28.29,28.6,28.95,29.31,29.7,30.01,30.3,27.03,27.08,27.18,27.4,27.71,28.11,28.58,29.08,29.57,29.99,30.32,26.09,26.15,26.32,26.59,26.97,27.49,28.1,28.7,29.24,29.71,30.1,25.07,25.17,25.36,25.67,26.12,26.74,27.44,28.18,28.85,29.41
1894,28.38,28.49,28.6,28.73,28.9,29.07,29.26,29.46,29.66,29.88,30.06,28.05,28.17,28.3,28.46,28.66,28.89,29.13,29.36,29.61,29.86,30.05,27.58,27.71,27.87,28.08,28.36,28.65,28.95,29.24,29.57,29.87,30.02,26.86,27.02,27.21,27.49,27.84,28.23,28.63,29.04,29.43,29.7,29.9,25.85,26.04,26.32,26.71,27.18,27.72,28.28,28.79,29.15,29.43,29.71,24.77,25,25.33,25.77,26.34,27.02,27.74,28.37,28.84,29.19
1895,28.51,28.67,28.79,28.88,28.96,29.01,29.04,29.08,29.1,29.13,29.12,28.06,28.27,28.42,28.57,28.72,28.86,28.98,29.07,29.16,29.24,29.26,27.43,27.66,27.89,28.12,28.37,28.61,28.82,28.99,29.2,29.36,29.36,26.56,26.82,27.09,27.4,27.75,28.12,28.47,28.81,29.11,29.27,29.34,25.46,25.72,26.07,26.49,26.98,27.51,28.05,28.52,28.82,29.04,29.21,24.38,24.64,24.99,25.46,26.03,26.71,27.42,28.05,28.5,28.82
1896,29.02,29.15,29.29,29.39,29.52,29.66,29.79,29.98,30.21,30.5,30.81,28.73,28.88,29.03,29.17,29.36,29.55,29.76,30.01,30.31,30.66,31.03,28.23,28.37,28.55,28.75,29,29.28,29.58,29.94,30.34,30.77,31.12,27.57,27.69,27.87,28.11,28.42,28.79,29.22,29.65,30.14,30.63,31.03,26.67,26.81,27.01,27.25,27.6,28.07,28.63,29.21,29.77,30.28,30.82,25.64,25.78,25.96,26.24,26.65,27.23,27.91,28.65,29.36,29.97
1897,28.73,28.86,28.98,29.12,29.31,29.49,29.65,29.83,30.03,30.2,30.31,28.55,28.65,28.77,28.93,29.14,29.37,29.6,29.81,30.08,30.3,30.43,28.13,28.24,28.4,28.63,28.9,29.2,29.49,29.81,30.12,30.37,30.56,27.49,27.62,27.85,28.12,28.46,28.85,29.25,29.65,30.01,30.33,30.53,26.68,26.84,27.09,27.43,27.86,28.36,28.91,29.41,29.81,30.14,30.39,25.77,25.94,26.22,26.6,27.1,27.74,28.42,29.03,29.54,29.92
1898,28.06,28.17,28.24,28.3,28.38,28.46,28.51,28.55,28.61,28.63,28.59,27.77,27.85,27.91,27.97,28.05,28.14,28.2,28.25,28.34,28.39,28.37,27.24,27.33,27.43,27.55,27.67,27.77,27.87,27.97,28.07,28.12,28.15,26.54,26.65,26.8,26.95,27.11,27.27,27.42,27.57,27.67,27.77,27.82,25.74,25.88,26.05,26.23,26.45,26.7,26.97,27.17,27.27,27.38,27.48,24.91,25.08,25.26,25.47,25.74,26.1,26.5,26.8,26.94,27.05
1899,28.07,28.07,28.09,28.12,28.21,28.35,28.48,28.67,28.86,29.03,29.15,27.76,27.79,27.84,27.92,28.06,28.25,28.45,28.67,28.9,29.11,29.26,27.31,27.35,27.45,27.6,27.82,28.08,28.37,28.67,28.98,29.24,29.36,26.73,26.79,26.93,27.15,27.45,27.81,28.21,28.57,28.94,29.23,29.37,25.9,26.01,26.22,26.51,26.9,27.38,27.92,28.41,28.8,29.07,29.28,25.05,25.19,25.41,25.73,26.2,26.83,27.52,28.12,28.6,28.93
1900,28.74,28.82,28.82,28.8,28.79,28.77,28.77,28.81,28.91,29.03,29.13,28.43,28.48,28.49,28.49,28.51,28.55,28.59,28.67,28.83,29,29.13,27.9,27.95,28.01,28.07,28.16,28.25,28.37,28.54,28.74,28.94,29.11,27.21,27.27,27.36,27.47,27.6,27.78,28,28.25,28.5,28.76,28.96,26.41,26.46,26.56,26.71,26.91,27.19,27.55,27.89,28.18,28.46,28.72,25.42,25.46,25.57,25.74,26,26.41,26.92,27.43,27.84,28.17
1901,28.5,28.57,28.59,28.56,28.52,28.48,28.47,28.53,28.61,28.67,28.68,28.09,28.21,28.26,28.28,28.32,28.37,28.42,28.5,28.61,28.71,28.72,27.59,27.72,27.82,27.9,28,28.13,28.25,28.39,28.56,28.7,28.77,26.86,27.01,27.16,27.3,27.48,27.68,27.92,28.16,28.36,28.51,28.6,25.99,26.17,26.37,26.58,26.83,27.15,27.51,27.83,28.06,28.21,28.35,25.06,25.24,25.44,25.68,26,26.44,26.95,27.41,27.75,27.96
1902,28.27,28.38,28.47,28.56,28.69,28.82,28.95,29.09,29.27,29.4,29.47,28.01,28.15,28.28,28.41,28.6,28.82,29.04,29.26,29.52,29.71,29.79,27.55,27.72,27.91,28.16,28.44,28.75,29.08,29.43,29.73,29.99,30.14,26.91,27.1,27.36,27.67,28.04,28.48,28.95,29.41,29.8,30.08,30.21,26.08,26.29,26.58,26.96,27.42,28,28.64,29.23,29.69,29.97,30.14,25.18,25.39,25.69,26.11,26.65,27.36,28.15,28.86,29.45,29.82
1903,27.92,27.97,28.02,28.09,28.21,28.33,28.44,28.59,28.74,28.86,28.94,27.48,27.55,27.65,27.77,27.95,28.14,28.34,28.56,28.79,29.01,29.15,26.87,26.94,27.09,27.3,27.56,27.86,28.17,28.5,28.85,29.14,29.35,26.12,26.2,26.39,26.67,27.02,27.43,27.88,28.31,28.73,29.11,29.38,25.13,25.24,25.49,25.84,26.28,26.83,27.44,28,28.5,28.93,29.24,24,24.12,24.38,24.78,25.33,26.03,26.79,27.51,28.2,28.67
1904,27.88,27.94,27.95,27.93,27.91,27.86,27.81,27.78,27.86,27.88,27.93,27.61,27.7,27.76,27.77,27.78,27.77,27.76,27.75,27.85,27.92,27.95,27.15,27.26,27.37,27.46,27.54,27.6,27.65,27.73,27.83,27.94,27.98,26.56,26.68,26.84,27,27.15,27.28,27.43,27.59,27.72,27.82,27.86,25.74,25.9,26.1,26.32,26.56,26.83,27.13,27.39,27.55,27.62,27.68,24.8,24.96,25.21,25.51,25.86,26.3,26.77,27.15,27.37,27.47
1905,28.54,28.62,28.67,28.69,28.74,28.77,28.78,28.81,28.93,28.99,29.06,28.27,28.39,28.48,28.55,28.64,28.74,28.83,28.92,29.1,29.21,29.28,27.8,27.93,28.07,28.23,28.4,28.59,28.78,28.99,29.2,29.38,29.48,27.18,27.32,27.49,27.71,27.96,28.23,28.54,28.86,29.14,29.34,29.47,26.34,26.5,26.7,26.95,27.27,27.68,28.15,28.58,28.89,29.1,29.29,25.36,25.52,25.74,26.05,26.46,27.01,27.6,28.14,28.58,28.87
1906,28.18,28.3,28.43,28.55,28.69,28.81,28.92,29.02,29.12,29.17,29.15,27.82,27.99,28.16,28.34,28.57,28.81,29.03,29.2,29.31,29.45,29.51,27.33,27.52,27.76,28.06,28.4,28.74,29.06,29.34,29.55,29.71,29.83,26.55,26.77,27.09,27.47,27.91,28.39,28.86,29.28,29.61,29.81,29.9,25.58,25.82,26.19,26.65,27.19,27.82,28.46,29.03,29.45,29.7,29.83,24.53,24.79,25.19,25.7,26.33,27.07,27.86,28.56,29.17,29.53
1907,28.11,28.11,28.1,28.09,28.1,28.09,28.06,28.14,28.17,28.17,28.19,27.84,27.87,27.91,27.96,28.01,28.04,28.05,28.14,28.26,28.28,28.31,27.41,27.48,27.59,27.7,27.81,27.92,28.03,28.17,28.33,28.46,28.47,26.79,26.9,27.07,27.24,27.46,27.7,27.95,28.17,28.35,28.46,28.51,25.98,26.15,26.38,26.67,27,27.38,27.78,28.09,28.29,28.37,28.39,25.1,25.31,25.61,25.98,26.42,26.94,27.49,27.91,28.17,28.28
1908,28.21,28.27,28.31,28.34,28.37,28.38,28.35,28.41,28.43,28.41,28.41,27.79,27.89,27.98,28.07,28.16,28.22,28.26,28.34,28.46,28.48,28.5,27.17,27.3,27.46,27.63,27.79,27.95,28.1,28.27,28.45,28.59,28.62,26.33,26.49,26.71,26.94,27.22,27.53,27.84,28.12,28.35,28.51,28.6,25.33,25.53,25.79,26.13,26.53,26.99,27.47,27.87,28.15,28.33,28.43,24.32,24.52,24.83,25.22,25.71,26.31,26.95,27.5,27.91,28.15
1909,28.66,28.64,28.58,28.49,28.41,28.34,28.3,28.3,28.34,28.32,28.33,28.41,28.42,28.37,28.31,28.26,28.22,28.16,28.2,28.28,28.3,28.33,27.97,27.99,27.97,27.95,27.95,27.97,27.99,28.06,28.19,28.31,28.34,27.3,27.31,27.34,27.38,27.48,27.6,27.75,27.89,28.03,28.15,28.22,26.41,26.47,26.56,26.71,26.9,27.14,27.43,27.67,27.82,27.92,27.99,25.37,25.51,25.69,25.9,26.18,26.55,26.98,27.35,27.59,27.73
1910,28.45,28.5,28.54,28.58,28.63,28.68,28.7,28.72,28.73,28.67,28.64,28.3,28.37,28.44,28.51,28.6,28.66,28.68,28.73,28.79,28.77,28.74,27.93,28.03,28.12,28.24,28.38,28.54,28.67,28.78,28.86,28.87,28.87,27.32,27.42,27.57,27.8,28.04,28.3,28.54,28.73,28.83,28.82,28.74,26.5,26.68,26.92,27.19,27.51,27.89,28.28,28.55,28.67,28.66,28.59,25.59,25.81,26.07,26.41,26.82,27.32,27.85,28.24,28.47,28.51
1911,28.6,28.61,28.58,28.54,28.51,28.48,28.46,28.43,28.47,28.47,28.43,28.36,28.38,28.38,28.37,28.37,28.37,28.36,28.41,28.48,28.51,28.51,27.91,27.94,27.96,27.99,28.05,28.16,28.26,28.38,28.53,28.59,28.6,27.24,27.25,27.33,27.46,27.62,27.82,28.04,28.26,28.44,28.53,28.55,26.34,26.45,26.6,26.8,27.04,27.34,27.69,28,28.21,28.32,28.39,25.38,25.46,25.63,25.87,26.19,26.62,27.12,27.57,27.93,28.12
1912,28.5,28.59,28.66,28.7,28.73,28.75,28.75,28.82,28.9,28.92,28.98,28.33,28.41,28.48,28.5,28.56,28.65,28.74,28.85,28.96,29.06,29.16,28.01,28.06,28.13,28.21,28.33,28.48,28.64,28.83,29,29.19,29.33,27.46,27.51,27.61,27.74,27.9,28.12,28.38,28.64,28.91,29.13,29.25,26.74,26.79,26.91,27.05,27.27,27.59,27.97,28.33,28.62,28.81,29.01,25.9,25.93,26.02,26.2,26.47,26.88,27.37,27.85,28.28,28.56
1913,27.8,27.88,27.95,28.02,28.11,28.19,28.24,28.3,28.36,28.43,28.49,27.45,27.57,27.69,27.83,28,28.17,28.3,28.42,28.57,28.7,28.78,26.95,27.06,27.25,27.49,27.76,28.04,28.29,28.53,28.78,28.97,29.06,26.19,26.36,26.61,26.91,27.28,27.69,28.1,28.49,28.82,29.04,29.15,25.27,25.45,25.76,26.17,26.64,27.2,27.77,28.27,28.64,28.86,29.01,24.3,24.46,24.78,25.22,25.8,26.5,27.23,27.86,28.36,28.68
1914,28.41,28.5,28.55,28.59,28.64,28.69,28.72,28.77,28.85,28.95,29.05,28.13,28.21,28.27,28.33,28.42,28.51,28.6,28.7,28.86,29.03,29.17,27.67,27.72,27.79,27.89,28.03,28.19,28.36,28.56,28.82,29.06,29.25,26.97,27.02,27.11,27.21,27.39,27.63,27.92,28.26,28.6,28.89,29.13,26.13,26.14,26.23,26.39,26.6,26.94,27.36,27.79,28.18,28.49,28.82,25.21,25.18,25.23,25.38,25.65,26.07,26.62,27.18,27.73,28.16
1915,28.88,28.96,29.02,29.03,29.05,29.05,29,28.98,28.98,28.94,28.89,28.62,28.75,28.84,28.92,28.99,29.04,29.05,29.06,29.09,29.1,29.08,28.19,28.32,28.48,28.64,28.79,28.92,29.02,29.1,29.21,29.28,29.27,27.49,27.69,27.91,28.12,28.36,28.6,28.83,29.04,29.21,29.29,29.3,26.62,26.83,27.11,27.44,27.78,28.16,28.54,28.85,29.03,29.1,29.13,25.63,25.85,26.15,26.54,27,27.52,28.06,28.5,28.79,28.94
1916,28.33,28.34,28.31,28.23,28.18,28.13,28.09,28.1,28.15,28.19,28.24,28.17,28.21,28.18,28.12,28.06,28.02,27.99,28,28.06,28.13,28.21,27.91,27.92,27.91,27.87,27.84,27.82,27.82,27.86,27.96,28.09,28.19,27.42,27.47,27.49,27.44,27.44,27.46,27.53,27.65,27.78,27.9,28.01,26.76,26.8,26.85,26.88,26.91,27.02,27.18,27.35,27.47,27.56,27.71,25.94,25.99,26.03,26.09,26.19,26.39,26.69,26.96,27.16,27.3
1917,27.58,27.79,27.96,28.06,28.17,28.25,28.27,28.31,28.34,28.33,28.29,27.13,27.37,27.61,27.81,28,28.15,28.25,28.33,28.4,28.42,28.41,26.5,26.77,27.06,27.37,27.67,27.93,28.14,28.31,28.46,28.55,28.55,25.67,25.99,26.33,26.71,27.12,27.52,27.88,28.19,28.41,28.52,28.53,24.75,25.06,25.46,25.92,26.45,27,27.53,27.95,28.2,28.3,28.35,23.81,24.1,24.5,25,25.61,26.31,27.02,27.57,27.94,28.13
1918,28.49,28.63,28.73,28.78,28.84,28.87,28.87,28.87,28.87,28.88,28.88,28.31,28.48,28.62,28.75,28.87,28.98,29.05,29.1,29.17,29.22,29.2,27.91,28.11,28.33,28.55,28.77,28.97,29.15,29.3,29.45,29.52,29.52,27.22,27.48,27.78,28.09,28.4,28.74,29.07,29.34,29.54,29.65,29.6,26.39,26.69,27.04,27.44,27.87,28.36,28.85,29.23,29.45,29.51,29.5,25.41,25.73,26.13,26.61,27.14,27.76,28.39,28.9,29.25,29.39
1919,28.57,28.72,28.84,28.88,28.91,28.92,28.88,28.83,28.79,28.71,28.66,28.11,28.27,28.38,28.47,28.55,28.62,28.63,28.62,28.62,28.62,28.58,27.47,27.61,27.75,27.89,28.03,28.18,28.29,28.38,28.47,28.5,28.52,26.59,26.74,26.92,27.13,27.35,27.58,27.8,28,28.17,28.27,28.27,25.66,25.8,26,26.24,26.53,26.9,27.28,27.58,27.76,27.85,27.94,24.72,24.81,24.97,25.21,25.55,26.01,26.54,27,27.38,27.56
1920,27.99,28.08,28.17,28.26,28.35,28.44,28.5,28.61,28.7,28.75,28.75,27.42,27.54,27.7,27.87,28.06,28.29,28.49,28.67,28.84,28.93,28.96,26.68,26.8,27.01,27.32,27.69,28.06,28.39,28.69,28.95,29.13,29.18,25.66,25.82,26.12,26.55,27.06,27.6,28.13,28.57,28.92,29.15,29.23,24.51,24.75,25.14,25.67,26.3,27.02,27.75,28.35,28.74,28.97,29.1,23.39,23.6,24.03,24.62,25.36,26.22,27.09,27.83,28.44,28.77
1921,28.48,28.57,28.64,28.67,28.71,28.73,28.73,28.74,28.77,28.76,28.77,28.17,28.3,28.4,28.5,28.61,28.73,28.81,28.88,28.96,29.01,29.01,27.67,27.81,27.99,28.18,28.39,28.62,28.82,29.01,29.17,29.26,29.29,26.88,27.07,27.35,27.66,28,28.34,28.68,29,29.24,29.37,29.35,25.95,26.19,26.54,26.95,27.42,27.94,28.47,28.88,29.13,29.22,29.26,24.91,25.16,25.53,26.01,26.58,27.24,27.94,28.49,28.93,29.13
1922,28.43,28.54,28.59,28.62,28.65,28.67,28.67,28.69,28.72,28.73,28.75,28.21,28.31,28.39,28.44,28.51,28.57,28.61,28.65,28.72,28.78,28.8,27.85,27.95,28.04,28.13,28.24,28.36,28.47,28.59,28.71,28.8,28.86,27.23,27.34,27.48,27.64,27.8,27.98,28.18,28.38,28.56,28.68,28.71,26.5,26.62,26.79,26.98,27.21,27.51,27.84,28.11,28.27,28.36,28.47,25.62,25.73,25.88,26.09,26.38,26.77,27.24,27.64,27.98,28.15
1923,28.55,28.68,28.74,28.75,28.75,28.75,28.72,28.75,28.79,28.81,28.78,28.24,28.39,28.5,28.56,28.62,28.71,28.78,28.86,28.95,28.99,28.99,27.74,27.9,28.06,28.23,28.41,28.59,28.76,28.91,29.07,29.19,29.21,27,27.19,27.43,27.69,27.96,28.26,28.57,28.83,29.05,29.19,29.24,26.12,26.37,26.66,26.98,27.35,27.8,28.27,28.66,28.89,29.02,29.09,25.1,25.34,25.67,26.03,26.5,27.08,27.69,28.21,28.64,28.84
1924,28.81,28.88,28.9,28.86,28.81,28.75,28.67,28.64,28.65,28.65,28.65,28.56,28.65,28.71,28.75,28.78,28.8,28.8,28.8,28.85,28.88,28.91,28.06,28.18,28.31,28.45,28.59,28.72,28.83,28.93,29.05,29.14,29.17,27.33,27.48,27.71,27.94,28.19,28.45,28.71,28.93,29.1,29.22,29.24,26.47,26.68,26.96,27.26,27.61,28.03,28.46,28.81,29,29.1,29.14,25.5,25.69,25.98,26.33,26.78,27.33,27.91,28.39,28.78,28.95
1925,28.09,28.18,28.22,28.17,28.11,28.05,27.97,27.94,27.94,27.94,27.94,27.69,27.79,27.86,27.89,27.91,27.93,27.91,27.91,27.94,27.97,27.98,27.04,27.18,27.31,27.45,27.59,27.7,27.79,27.86,27.95,28.02,28.04,26.2,26.38,26.62,26.85,27.08,27.3,27.51,27.7,27.84,27.94,27.95,25.29,25.5,25.78,26.1,26.44,26.82,27.21,27.49,27.65,27.72,27.78,24.3,24.52,24.8,25.14,25.56,26.07,26.64,27.09,27.39,27.53
1926,28.31,28.4,28.51,28.6,28.72,28.84,28.92,29.01,29.09,29.13,29.15,28.04,28.15,28.28,28.43,28.61,28.79,28.95,29.09,29.24,29.35,29.38,27.57,27.69,27.85,28.07,28.32,28.58,28.83,29.08,29.32,29.49,29.58,26.85,26.98,27.18,27.46,27.78,28.16,28.56,28.93,29.23,29.45,29.59,25.94,26.09,26.34,26.68,27.09,27.59,28.14,28.63,28.99,29.22,29.43,24.96,25.12,25.35,25.68,26.13,26.73,27.42,28.05,28.61,28.96
1927,28.36,28.44,28.46,28.45,28.44,28.41,28.37,28.35,28.36,28.36,28.36,28.04,28.12,28.17,28.21,28.25,28.27,28.26,28.26,28.3,28.32,28.34,27.5,27.59,27.69,27.82,27.93,28.03,28.09,28.15,28.22,28.29,28.32,26.72,26.85,27.05,27.26,27.45,27.62,27.78,27.92,28.04,28.13,28.17,25.78,26,26.24,26.49,26.76,27.06,27.36,27.64,27.82,27.91,27.94,24.81,25.04,25.29,25.59,25.95,26.38,26.92,27.36,27.58,27.68
1928,28.4,28.51,28.61,28.67,28.71,28.74,28.75,28.81,28.89,28.94,28.97,28.17,28.29,28.4,28.49,28.6,28.72,28.81,28.89,29.02,29.11,29.16,27.65,27.78,27.96,28.15,28.36,28.57,28.76,28.95,29.14,29.29,29.37,26.86,27.04,27.27,27.53,27.83,28.16,28.49,28.8,29.08,29.28,29.36,25.91,26.08,26.36,26.71,27.1,27.57,28.09,28.53,28.85,29.06,29.22,24.84,25.02,25.32,25.72,26.24,26.88,27.51,28.06,28.52,28.82
1929,28.33,28.36,28.36,28.32,28.26,28.2,28.14,28.14,28.16,28.15,28.13,28.01,28.06,28.08,28.07,28.09,28.13,28.15,28.18,28.25,28.29,28.29,27.44,27.51,27.59,27.7,27.82,27.96,28.09,28.22,28.35,28.46,28.49,26.64,26.77,26.9,27.08,27.3,27.55,27.82,28.08,28.3,28.45,28.49,25.7,25.82,26.02,26.27,26.59,26.99,27.46,27.85,28.11,28.27,28.39,24.63,24.77,25.01,25.33,25.78,26.37,26.95,27.46,27.85,28.09
1930,28.49,28.6,28.65,28.63,28.59,28.53,28.47,28.47,28.49,28.5,28.5,28.15,28.26,28.33,28.35,28.37,28.41,28.43,28.45,28.53,28.59,28.6,27.58,27.7,27.81,27.93,28.05,28.17,28.29,28.42,28.56,28.67,28.74,26.83,26.96,27.1,27.26,27.45,27.68,27.93,28.18,28.42,28.59,28.67,25.98,26.07,26.22,26.43,26.69,27.04,27.47,27.84,28.12,28.31,28.48,25.05,25.11,25.26,25.49,25.85,26.36,26.89,27.37,27.77,28.05
1931,28.7,28.8,28.87,28.92,28.97,29.01,29.02,29.05,29.08,29.07,29.04,28.31,28.45,28.58,28.69,28.83,28.96,29.05,29.15,29.25,29.3,29.31,27.73,27.88,28.06,28.29,28.53,28.78,29.01,29.21,29.4,29.54,29.59,26.9,27.08,27.35,27.66,28,28.38,28.76,29.09,29.38,29.59,29.67,25.9,26.16,26.46,26.84,27.29,27.8,28.34,28.85,29.2,29.41,29.56,24.89,25.13,25.46,25.89,26.42,27.07,27.79,28.41,28.91,29.22
1932,28.72,28.82,28.89,28.9,28.87,28.82,28.75,28.75,28.76,28.76,28.75,28.64,28.77,28.85,28.89,28.93,28.97,28.98,29,29.05,29.09,29.07,28.28,28.44,28.6,28.74,28.88,29.01,29.12,29.23,29.34,29.41,29.44,27.64,27.87,28.08,28.31,28.54,28.79,29.03,29.26,29.45,29.56,29.57,26.8,27.04,27.33,27.64,27.98,28.37,28.81,29.15,29.37,29.48,29.54,25.76,26.04,26.38,26.78,27.28,27.87,28.42,28.87,29.18,29.36
1933,27.79,27.92,28.04,28.16,28.27,28.36,28.42,28.51,28.6,28.65,28.67,27.45,27.61,27.78,27.95,28.13,28.32,28.46,28.59,28.73,28.82,28.85,26.92,27.08,27.3,27.58,27.86,28.15,28.4,28.64,28.85,28.99,29.08,26.17,26.35,26.64,26.97,27.35,27.75,28.13,28.48,28.79,29,29.08,25.27,25.52,25.82,26.21,26.66,27.18,27.72,28.23,28.57,28.79,28.95,24.42,24.63,24.94,25.35,25.87,26.51,27.22,27.82,28.29,28.57
1934,27.81,27.86,27.91,27.94,27.98,28.03,28.06,28.13,28.22,28.27,28.31,27.51,27.61,27.7,27.78,27.88,28,28.1,28.18,28.29,28.36,28.38,27.04,27.16,27.31,27.5,27.7,27.91,28.09,28.25,28.38,28.47,28.53,26.36,26.52,26.75,27.02,27.31,27.61,27.9,28.15,28.34,28.47,28.51,25.52,25.74,26.02,26.36,26.74,27.18,27.63,27.99,28.24,28.34,28.37,24.6,24.87,25.2,25.61,26.1,26.68,27.32,27.8,28.11,28.25
1935,28.37,28.43,28.44,28.4,28.37,28.32,28.27,28.27,28.29,28.28,28.27,27.97,28.09,28.18,28.18,28.22,28.25,28.26,28.29,28.34,28.36,28.36,27.41,27.54,27.69,27.8,27.93,28.05,28.15,28.25,28.36,28.43,28.49,26.6,26.77,26.98,27.22,27.43,27.65,27.86,28.08,28.25,28.37,28.43,25.65,25.85,26.15,26.46,26.78,27.15,27.53,27.86,28.06,28.17,28.22,24.67,24.89,25.2,25.55,25.95,26.44,26.96,27.46,27.77,27.97
1936,28.31,28.44,28.53,28.59,28.66,28.71,28.75,28.82,28.9,28.95,28.98,27.98,28.15,28.31,28.4,28.54,28.69,28.81,28.94,29.08,29.18,29.23,27.49,27.65,27.85,28.04,28.27,28.51,28.74,28.97,29.2,29.38,29.5,26.75,26.93,27.16,27.45,27.76,28.1,28.46,28.83,29.16,29.41,29.57,25.88,26.05,26.35,26.68,27.08,27.57,28.1,28.6,28.99,29.25,29.43,24.98,25.14,25.4,25.74,26.19,26.78,27.45,28.12,28.68,29.06
1937,28.4,28.49,28.51,28.54,28.59,28.62,28.64,28.67,28.71,28.72,28.69,28.04,28.15,28.25,28.34,28.45,28.55,28.63,28.7,28.79,28.85,28.85,27.51,27.66,27.8,27.94,28.14,28.33,28.5,28.68,28.85,28.97,29.01,26.78,26.94,27.16,27.36,27.63,27.94,28.26,28.55,28.77,28.91,28.99,25.91,26.08,26.33,26.64,27.01,27.45,27.92,28.34,28.59,28.73,28.84,24.98,25.13,25.41,25.76,26.21,26.78,27.4,27.95,28.31,28.55
1938,28.26,28.43,28.56,28.7,28.84,28.96,29.04,29.12,29.19,29.22,29.25,27.86,28.05,28.2,28.37,28.54,28.72,28.86,28.98,29.11,29.21,29.27,27.3,27.47,27.67,27.88,28.11,28.34,28.56,28.78,28.99,29.17,29.28,26.57,26.73,26.9,27.14,27.41,27.72,28.05,28.39,28.69,28.93,29.1,25.71,25.86,26.06,26.3,26.59,26.98,27.4,27.8,28.18,28.49,28.8,24.75,24.87,25.04,25.28,25.62,26.11,26.71,27.27,27.78,28.17
1939,28.33,28.42,28.47,28.51,28.55,28.59,28.6,28.64,28.69,28.72,28.76,28,28.11,28.23,28.34,28.46,28.58,28.68,28.8,28.91,28.99,29.03,27.45,27.62,27.79,27.97,28.2,28.43,28.63,28.84,29.07,29.26,29.34,26.65,26.85,27.11,27.37,27.71,28.07,28.44,28.76,29.03,29.26,29.37,25.68,25.9,26.22,26.61,27.06,27.57,28.1,28.57,28.88,29.08,29.24,24.61,24.84,25.22,25.67,26.22,26.88,27.56,28.16,28.6,28.9
1940,29.96,29.96,29.86,29.67,29.44,29.18,28.92,28.72,28.58,28.45,28.37,29.65,29.65,29.59,29.44,29.27,29.07,28.86,28.71,28.6,28.51,28.44,29.11,29.15,29.11,29.01,28.92,28.8,28.67,28.59,28.58,28.59,28.55,28.31,28.37,28.41,28.37,28.35,28.34,28.34,28.37,28.41,28.44,28.44,27.35,27.42,27.51,27.6,27.71,27.85,28.03,28.17,28.21,28.21,28.25,26.3,26.38,26.49,26.63,26.83,27.12,27.47,27.8,27.98,28.07
1941,28.86,28.95,29,29.05,29.11,29.15,29.17,29.22,29.29,29.34,29.41,28.37,28.5,28.6,28.72,28.86,29.01,29.14,29.26,29.42,29.56,29.68,27.67,27.81,27.98,28.16,28.42,28.7,28.96,29.24,29.56,29.81,29.94,26.74,26.89,27.12,27.37,27.73,28.14,28.58,29.03,29.44,29.79,30.01,25.68,25.82,26.08,26.44,26.92,27.5,28.13,28.74,29.22,29.56,29.86,24.61,24.7,24.94,25.33,25.86,26.56,27.34,28.14,28.84,29.34
1942,29.19,29.19,29.14,29.09,29.05,29,28.95,28.94,28.95,28.94,28.95,28.82,28.88,28.9,28.92,28.96,28.99,29,29.02,29.07,29.13,29.16,28.33,28.42,28.53,28.65,28.77,28.88,28.96,29.06,29.22,29.34,29.36,27.62,27.76,27.88,28.12,28.35,28.6,28.82,29.02,29.16,29.3,29.38,26.72,26.93,27.18,27.44,27.75,28.11,28.47,28.79,29.04,29.13,29.19,25.72,25.97,26.28,26.65,27.07,27.58,28.11,28.55,28.82,28.99
1943,29.08,29.14,29.17,29.16,29.15,29.12,29.08,29.07,29.08,29.02,28.93,28.75,28.87,28.95,29.01,29.07,29.12,29.13,29.17,29.23,29.26,29.21,28.2,28.36,28.54,28.72,28.91,29.08,29.21,29.32,29.42,29.47,29.45,27.39,27.61,27.88,28.17,28.47,28.77,29.07,29.33,29.54,29.62,29.58,26.4,26.69,27.02,27.44,27.89,28.36,28.81,29.17,29.36,29.47,29.55,25.33,25.68,26.1,26.6,27.16,27.8,28.46,28.99,29.28,29.41
1944,29.16,29.16,29.11,29,28.88,28.74,28.61,28.54,28.5,28.42,28.35,28.68,28.73,28.72,28.69,28.64,28.59,28.52,28.49,28.52,28.55,28.52,28.03,28.09,28.17,28.24,28.33,28.4,28.46,28.51,28.58,28.63,28.65,27.16,27.26,27.39,27.57,27.77,27.97,28.19,28.4,28.58,28.67,28.67,26.18,26.31,26.47,26.75,27.08,27.45,27.83,28.15,28.32,28.45,28.58,25.18,25.32,25.55,25.88,26.3,26.82,27.4,27.9,28.19,28.34
1945,29.29,29.36,29.36,29.31,29.23,29.12,29,28.92,28.85,28.73,28.6,28.87,28.99,29.06,29.08,29.08,29.04,28.97,28.92,28.91,28.88,28.79,28.26,28.43,28.59,28.74,28.86,28.95,28.99,29.01,29.01,28.99,28.93,27.43,27.66,27.91,28.18,28.41,28.62,28.81,28.97,29.07,29.06,28.97,26.44,26.74,27.06,27.44,27.84,28.22,28.57,28.8,28.87,28.88,28.89,25.37,25.73,26.15,26.62,27.13,27.69,28.24,28.65,28.79,28.81
1946,28.62,28.68,28.69,28.74,28.84,28.93,29.01,29.1,29.2,29.28,29.39,28.3,28.38,28.45,28.54,28.68,28.82,28.94,29.04,29.14,29.21,29.32,27.86,27.95,28.08,28.23,28.4,28.57,28.71,28.86,29.07,29.23,29.29,27.25,27.36,27.52,27.73,27.96,28.19,28.43,28.63,28.79,28.97,29.1,26.47,26.63,26.81,27.07,27.37,27.71,28.05,28.35,28.52,28.64,28.77,25.58,25.79,26.04,26.34,26.69,27.12,27.62,28.05,28.31,28.48
1947,28.08,28.12,28.13,28.2,28.3,28.38,28.44,28.53,28.64,28.71,28.74,27.75,27.83,27.92,28.07,28.26,28.46,28.62,28.75,28.87,28.94,29,27.23,27.34,27.52,27.78,28.08,28.37,28.64,28.88,29.15,29.32,29.35,26.46,26.61,26.86,27.23,27.66,28.11,28.54,28.92,29.19,29.41,29.5,25.49,25.71,26,26.46,27.03,27.65,28.27,28.79,29.14,29.33,29.4,24.43,24.68,25.06,25.57,26.21,26.98,27.79,28.51,29,29.3
1948,28.34,28.46,28.57,28.67,28.8,28.9,28.97,29.06,29.15,29.15,29.13,28.03,28.2,28.36,28.52,28.69,28.87,28.98,29.12,29.28,29.4,29.42,27.56,27.75,27.97,28.21,28.46,28.71,28.94,29.2,29.42,29.58,29.66,26.83,27.05,27.34,27.67,28.02,28.38,28.75,29.08,29.37,29.63,29.75,25.96,26.2,26.53,26.93,27.38,27.89,28.42,28.89,29.21,29.4,29.61,25.03,25.26,25.61,26.05,26.59,27.24,27.94,28.54,28.98,29.26
1949,28.44,28.49,28.49,28.49,28.43,28.33,28.23,28.16,28.13,28.08,28,28.22,28.31,28.35,28.34,28.33,28.3,28.24,28.16,28.09,28.07,28.04,27.76,27.86,27.95,28.01,28.06,28.1,28.12,28.09,28.12,28.11,28.03,27.11,27.24,27.37,27.49,27.61,27.72,27.83,27.94,27.98,27.97,27.92,26.32,26.49,26.66,26.83,27.02,27.25,27.48,27.66,27.75,27.77,27.7,25.49,25.66,25.85,26.06,26.32,26.67,27.06,27.36,27.5,27.55
1950,28.68,28.77,28.81,28.83,28.78,28.7,28.61,28.57,28.57,28.59,28.61,28.51,28.63,28.68,28.68,28.67,28.66,28.62,28.58,28.57,28.64,28.71,28.08,28.2,28.28,28.34,28.38,28.44,28.49,28.52,28.64,28.73,28.77,27.45,27.58,27.7,27.8,27.9,28.03,28.18,28.37,28.51,28.62,28.7,26.69,26.83,26.97,27.13,27.3,27.53,27.81,28.06,28.27,28.4,28.48,25.84,25.96,26.12,26.33,26.6,26.96,27.37,27.73,28,28.16
1951,28.32,28.33,28.3,28.28,28.21,28.13,28.07,28.05,28.09,28.12,28.14,28.01,28.05,28.06,28.05,28.04,28.04,28.03,28.02,28.04,28.11,28.18,27.42,27.48,27.55,27.61,27.68,27.77,27.85,27.92,28.06,28.16,28.19,26.63,26.72,26.84,26.98,27.13,27.3,27.5,27.72,27.89,28.01,28.08,25.69,25.82,26,26.2,26.44,26.74,27.08,27.38,27.61,27.76,27.84,24.69,24.82,25.03,25.3,25.65,26.1,26.59,27.01,27.31,27.49
1952,28.35,28.47,28.54,28.62,28.64,28.64,28.63,28.66,28.72,28.76,28.77,28.12,28.28,28.41,28.5,28.61,28.7,28.77,28.83,28.89,28.99,29.05,27.64,27.82,28.01,28.2,28.38,28.59,28.77,28.92,29.12,29.26,29.28,26.96,27.17,27.42,27.68,27.95,28.25,28.57,28.89,29.13,29.3,29.36,26.15,26.38,26.66,26.99,27.36,27.78,28.25,28.66,28.98,29.16,29.23,25.26,25.46,25.76,26.13,26.6,27.18,27.79,28.32,28.72,28.96
1953,28.58,28.71,28.8,28.9,28.95,28.97,28.96,28.98,29.02,29.04,29.03,28.23,28.38,28.52,28.63,28.75,28.86,28.93,28.98,29.03,29.11,29.17,27.6,27.76,27.93,28.12,28.32,28.53,28.71,28.86,29.06,29.2,29.25,26.78,26.94,27.14,27.38,27.65,27.95,28.27,28.6,28.85,29.06,29.17,25.78,25.96,26.2,26.49,26.84,27.25,27.71,28.14,28.5,28.76,28.93,24.77,24.92,25.14,25.43,25.85,26.41,27.05,27.61,28.1,28.44
1954,28.2,28.35,28.46,28.59,28.67,28.73,28.78,28.86,28.97,29.08,29.15,27.85,28.05,28.21,28.35,28.51,28.68,28.81,28.93,29.07,29.25,29.39,27.28,27.48,27.71,27.94,28.18,28.42,28.66,28.95,29.22,29.43,29.56,26.47,26.66,26.91,27.2,27.55,27.93,28.34,28.72,29.07,29.41,29.61,25.47,25.64,25.9,26.23,26.66,27.18,27.74,28.28,28.72,29.06,29.35,24.46,24.58,24.81,25.15,25.61,26.24,26.96,27.66,28.27,28.72
1955,28.29,28.4,28.46,28.51,28.6,28.66,28.7,28.76,28.82,28.81,28.82,28.07,28.18,28.31,28.41,28.52,28.63,28.74,28.85,28.99,29.06,29.04,27.63,27.77,27.94,28.13,28.34,28.54,28.72,28.89,29.09,29.28,29.33,26.88,27.05,27.27,27.55,27.85,28.18,28.5,28.79,29.04,29.23,29.33,25.99,26.16,26.42,26.76,27.15,27.6,28.09,28.54,28.87,29.01,29.19,25.02,25.19,25.48,25.86,26.34,26.91,27.53,28.08,28.56,28.85
1956,28.49,28.59,28.67,28.75,28.83,28.87,28.89,28.97,29.05,29.04,29.04,28.14,28.21,28.31,28.4,28.52,28.64,28.7,28.77,28.92,29.01,28.99,27.58,27.67,27.77,27.89,28.06,28.22,28.39,28.56,28.73,28.92,29.01,26.75,26.85,26.97,27.14,27.34,27.59,27.85,28.12,28.37,28.59,28.79,25.83,25.9,26.04,26.24,26.49,26.83,27.25,27.66,27.98,28.16,28.43,24.87,24.94,25.08,25.3,25.6,26.04,26.57,27.07,27.55,27.86
1957,28.74,28.77,28.77,28.78,28.8,28.84,28.84,28.86,28.89,28.96,28.97,28.45,28.5,28.55,28.62,28.69,28.74,28.81,28.89,28.97,29.04,29.1,27.93,28,28.09,28.21,28.36,28.52,28.66,28.79,28.95,29.08,29.13,27.16,27.26,27.39,27.57,27.78,28.03,28.31,28.58,28.82,28.97,29.04,26.27,26.36,26.52,26.74,27.03,27.39,27.8,28.19,28.48,28.67,28.85,25.29,25.39,25.56,25.81,26.16,26.63,27.17,27.68,28.12,28.38
1958,28.86,29,29.13,29.25,29.36,29.4,29.41,29.46,29.51,29.54,29.51,28.52,28.7,28.86,29.03,29.2,29.36,29.44,29.5,29.62,29.72,29.74,28.01,28.19,28.4,28.63,28.88,29.11,29.31,29.5,29.66,29.81,29.85,27.27,27.45,27.69,27.95,28.26,28.58,28.92,29.23,29.49,29.68,29.82,26.35,26.52,26.77,27.08,27.45,27.9,28.39,28.82,29.14,29.36,29.58,25.4,25.57,25.81,26.13,26.55,27.11,27.73,28.3,28.79,29.1
1959,28.83,28.9,28.97,29.05,29.13,29.21,29.26,29.33,29.39,29.46,29.49,28.54,28.65,28.76,28.87,29.01,29.14,29.22,29.31,29.45,29.6,29.68,28.08,28.2,28.34,28.5,28.69,28.89,29.07,29.26,29.45,29.64,29.73,27.38,27.5,27.66,27.84,28.08,28.35,28.64,28.94,29.23,29.45,29.63,26.47,26.6,26.77,26.98,27.27,27.65,28.09,28.53,28.87,29.12,29.35,25.51,25.64,25.81,26.03,26.36,26.81,27.38,27.92,28.42,28.78
1960,29.21,29.34,29.43,29.48,29.5,29.48,29.45,29.43,29.44,29.46,29.46,28.72,28.87,29.02,29.15,29.28,29.38,29.41,29.46,29.57,29.69,29.75,27.95,28.15,28.34,28.58,28.82,29.05,29.25,29.46,29.65,29.84,29.92,26.85,27.09,27.36,27.68,28.02,28.4,28.78,29.15,29.49,29.74,29.92,25.66,25.87,26.18,26.57,27.03,27.57,28.17,28.72,29.16,29.47,29.7,24.45,24.64,24.96,25.38,25.93,26.62,27.39,28.11,28.75,29.17
1961,28.36,28.52,28.67,28.84,29,29.15,29.26,29.37,29.46,29.53,29.58,27.91,28.08,28.29,28.51,28.74,28.97,29.12,29.27,29.45,29.62,29.71,27.25,27.45,27.68,27.98,28.29,28.6,28.89,29.16,29.4,29.62,29.73,26.32,26.55,26.83,27.17,27.55,27.96,28.38,28.79,29.15,29.42,29.62,25.33,25.53,25.83,26.21,26.65,27.19,27.79,28.33,28.77,29.07,29.33,24.32,24.51,24.81,25.21,25.73,26.39,27.12,27.78,28.36,28.75
1962,28.63,28.67,28.69,28.71,28.75,28.79,28.81,28.86,28.92,28.96,29,28.39,28.45,28.54,28.64,28.74,28.83,28.94,29.04,29.17,29.27,29.32,27.92,27.99,28.12,28.3,28.51,28.74,28.95,29.13,29.34,29.49,29.61,27.19,27.29,27.49,27.73,28.02,28.36,28.74,29.09,29.39,29.57,29.65,26.3,26.46,26.69,27,27.4,27.88,28.39,28.84,29.19,29.41,29.58,25.38,25.52,25.77,26.14,26.62,27.24,27.93,28.53,28.97,29.24
1963,28.72,28.76,28.79,28.8,28.8,28.79,28.75,28.74,28.76,28.79,28.8,28.42,28.58,28.66,28.73,28.82,28.9,28.96,29.02,29.09,29.13,29.12,27.91,28.1,28.32,28.53,28.74,28.94,29.09,29.25,29.39,29.48,29.48,27.22,27.47,27.75,28.08,28.43,28.77,29.09,29.36,29.55,29.64,29.61,26.29,26.61,27.03,27.48,27.94,28.44,28.94,29.33,29.56,29.65,29.59,25.29,25.7,26.18,26.73,27.34,28.01,28.68,29.18,29.46,29.59
1964,28.74,28.77,28.81,28.84,28.88,28.92,28.93,28.97,29.05,29.14,29.23,28.37,28.49,28.55,28.6,28.71,28.83,28.94,29.07,29.23,29.37,29.47,27.8,27.92,28.07,28.23,28.42,28.64,28.84,29.09,29.34,29.57,29.71,27.08,27.21,27.38,27.61,27.89,28.23,28.59,28.95,29.28,29.55,29.72,26.13,26.29,26.54,26.85,27.2,27.66,28.18,28.67,29.06,29.34,29.57,25.13,25.33,25.59,25.94,26.4,26.97,27.61,28.22,28.75,29.11
1965,28.2,28.21,28.24,28.27,28.33,28.37,28.41,28.49,28.6,28.67,28.72,27.99,28.09,28.14,28.2,28.29,28.39,28.5,28.63,28.78,28.9,28.97,27.59,27.68,27.82,27.97,28.15,28.34,28.52,28.73,28.95,29.13,29.22,27.03,27.14,27.3,27.5,27.75,28.05,28.36,28.67,28.94,29.14,29.25,26.27,26.42,26.63,26.89,27.22,27.61,28.07,28.48,28.78,28.97,29.12,25.41,25.6,25.83,26.14,26.55,27.06,27.64,28.15,28.55,28.78
1966,28.24,28.33,28.42,28.54,28.68,28.79,28.89,29.01,29.14,29.24,29.31,27.91,28.08,28.2,28.35,28.52,28.7,28.89,29.08,29.28,29.45,29.56,27.4,27.54,27.74,27.98,28.25,28.54,28.8,29.1,29.39,29.63,29.78,26.73,26.87,27.09,27.38,27.72,28.11,28.52,28.93,29.29,29.58,29.77,25.86,26.04,26.31,26.64,27.06,27.54,28.1,28.63,29.04,29.34,29.59,24.92,25.13,25.42,25.8,26.29,26.89,27.56,28.17,28.72,29.09
1967,28.29,28.36,28.4,28.44,28.48,28.48,28.47,28.51,28.57,28.6,28.61,28.05,28.18,28.29,28.38,28.47,28.54,28.62,28.7,28.81,28.9,28.93,27.64,27.81,27.99,28.17,28.36,28.54,28.7,28.87,29.06,29.18,29.24,27.04,27.24,27.47,27.72,28,28.3,28.6,28.88,29.12,29.29,29.34,26.21,26.44,26.77,27.11,27.49,27.91,28.36,28.77,29.05,29.2,29.28,25.28,25.56,25.92,26.34,26.82,27.38,27.98,28.49,28.87,29.08
1968,28.55,28.64,28.67,28.66,28.63,28.57,28.51,28.51,28.55,28.6,28.66,28.12,28.26,28.36,28.42,28.45,28.47,28.5,28.57,28.68,28.79,28.9,27.5,27.65,27.81,27.94,28.09,28.24,28.37,28.55,28.76,28.94,29.09,26.62,26.77,26.96,27.19,27.44,27.73,28.04,28.34,28.64,28.89,29.07,25.56,25.74,25.99,26.28,26.63,27.07,27.54,28,28.37,28.63,28.89,24.47,24.66,24.92,25.25,25.69,26.24,26.87,27.47,28.01,28.38
1969,29.07,29.15,29.18,29.19,29.2,29.16,29.11,29.11,29.16,29.17,29.17,28.63,28.76,28.87,28.95,29.01,29.07,29.11,29.19,29.3,29.39,29.42,28.01,28.16,28.34,28.5,28.68,28.87,29.02,29.2,29.41,29.58,29.66,27.17,27.33,27.53,27.79,28.06,28.38,28.72,29.05,29.34,29.57,29.69,26.16,26.36,26.6,26.92,27.3,27.74,28.25,28.73,29.1,29.35,29.55,25.13,25.31,25.59,25.94,26.39,26.97,27.63,28.24,28.77,29.12
1970,28.89,29,29.07,29.15,29.23,29.25,29.3,29.36,29.44,29.47,29.49,28.57,28.71,28.85,28.98,29.09,29.19,29.28,29.39,29.53,29.63,29.69,28.1,28.25,28.43,28.6,28.8,28.97,29.18,29.39,29.59,29.76,29.87,27.44,27.57,27.75,27.97,28.23,28.53,28.86,29.2,29.5,29.73,29.86,26.62,26.77,26.96,27.21,27.53,27.92,28.37,28.83,29.21,29.49,29.7,25.76,25.89,26.09,26.35,26.7,27.18,27.77,28.34,28.83,29.2
1971,28.24,28.35,28.44,28.52,28.6,28.66,28.7,28.79,28.91,28.98,29.01,27.9,28.06,28.22,28.37,28.53,28.66,28.8,28.97,29.15,29.29,29.35,27.38,27.56,27.79,28.02,28.29,28.54,28.81,29.1,29.37,29.59,29.68,26.62,26.82,27.08,27.41,27.78,28.19,28.62,29.04,29.41,29.67,29.8,25.68,25.92,26.23,26.64,27.12,27.67,28.25,28.81,29.24,29.52,29.72,24.69,24.94,25.29,25.75,26.3,26.99,27.74,28.41,28.95,29.32
1972,28.54,28.58,28.6,28.62,28.64,28.65,28.65,28.7,28.78,28.82,28.83,28.24,28.31,28.37,28.43,28.48,28.52,28.58,28.67,28.79,28.89,28.92,27.77,27.85,27.95,28.07,28.18,28.28,28.42,28.59,28.78,28.93,29,27.1,27.17,27.31,27.48,27.66,27.85,28.11,28.37,28.62,28.8,28.9,26.28,26.38,26.52,26.71,26.98,27.3,27.69,28.06,28.34,28.52,28.69,25.4,25.51,25.67,25.87,26.19,26.62,27.16,27.64,28.03,28.28
1973,28.94,29.08,29.19,29.29,29.39,29.48,29.53,29.58,29.62,29.64,29.64,28.49,28.66,28.8,28.94,29.09,29.25,29.36,29.47,29.58,29.65,29.69,27.83,28.01,28.18,28.38,28.61,28.84,29.05,29.25,29.46,29.61,29.71,26.94,27.14,27.34,27.59,27.87,28.2,28.54,28.87,29.15,29.37,29.52,25.93,26.14,26.36,26.64,26.98,27.41,27.9,28.35,28.7,28.97,29.22,24.9,25.1,25.32,25.62,26.02,26.55,27.16,27.74,28.26,28.62
1974,28.25,28.32,28.36,28.4,28.44,28.47,28.47,28.5,28.55,28.57,28.57,28,28.08,28.15,28.23,28.32,28.4,28.45,28.5,28.58,28.65,28.68,27.53,27.62,27.75,27.89,28.06,28.21,28.35,28.48,28.63,28.74,28.79,26.83,26.93,27.12,27.34,27.59,27.85,28.11,28.35,28.54,28.68,28.75,25.91,26.07,26.33,26.63,26.97,27.36,27.77,28.12,28.35,28.47,28.57,24.89,25.13,25.4,25.77,26.21,26.76,27.32,27.79,28.11,28.29
1975,28.29,28.41,28.49,28.56,28.63,28.68,28.71,28.76,28.83,28.88,28.9,27.93,28.07,28.2,28.33,28.46,28.57,28.65,28.74,28.85,28.95,29,27.38,27.53,27.71,27.91,28.12,28.32,28.5,28.67,28.86,29.01,29.09,26.63,26.77,27,27.27,27.56,27.87,28.17,28.46,28.71,28.9,29.01,25.75,25.9,26.15,26.47,26.84,27.27,27.73,28.14,28.43,28.63,28.79,24.82,24.99,25.21,25.53,25.97,26.53,27.15,27.68,28.11,28.37
1976,28.18,28.24,28.35,28.46,28.55,28.61,28.65,28.71,28.78,28.81,28.83,27.99,28.08,28.21,28.32,28.43,28.53,28.62,28.7,28.8,28.88,28.93,27.64,27.73,27.89,28.03,28.18,28.34,28.49,28.64,28.8,28.94,29.01,27.06,27.18,27.34,27.52,27.72,27.95,28.2,28.44,28.66,28.82,28.91,26.32,26.43,26.61,26.82,27.09,27.43,27.8,28.14,28.38,28.55,28.69,25.51,25.62,25.81,26.04,26.35,26.78,27.3,27.76,28.09,28.3
1977,28.74,28.81,28.88,28.91,28.91,28.88,28.85,28.86,28.9,28.92,28.92,28.33,28.45,28.57,28.64,28.7,28.75,28.79,28.85,28.94,29,29.03,27.77,27.91,28.07,28.21,28.34,28.48,28.63,28.78,28.94,29.07,29.13,27.01,27.17,27.35,27.55,27.75,28.01,28.28,28.55,28.78,28.95,29.05,26.13,26.27,26.47,26.7,27.01,27.38,27.82,28.2,28.48,28.67,28.83,25.24,25.35,25.55,25.82,26.17,26.64,27.2,27.72,28.15,28.41
1978,28.82,28.85,28.9,28.92,28.91,28.88,28.84,28.85,28.88,28.9,28.91,28.44,28.53,28.62,28.68,28.74,28.79,28.82,28.88,28.96,29.02,29.05,27.92,28.03,28.17,28.3,28.43,28.58,28.72,28.87,29.02,29.14,29.19,27.21,27.34,27.51,27.71,27.93,28.19,28.46,28.72,28.94,29.09,29.16,26.37,26.5,26.71,26.96,27.29,27.68,28.11,28.48,28.73,28.88,28.99,25.53,25.65,25.88,26.19,26.57,27.08,27.64,28.12,28.49,28.69
1979,28.81,28.87,28.95,29.03,29.08,29.12,29.14,29.19,29.26,29.29,29.3,28.43,28.53,28.65,28.76,28.87,28.98,29.08,29.19,29.32,29.42,29.47,27.89,28,28.16,28.32,28.5,28.71,28.91,29.12,29.34,29.52,29.61,27.11,27.25,27.43,27.65,27.9,28.22,28.56,28.89,29.19,29.42,29.56,26.17,26.3,26.51,26.78,27.14,27.57,28.07,28.54,28.9,29.15,29.35,25.19,25.3,25.53,25.84,26.24,26.78,27.41,28.01,28.54,28.88
1980,28.73,28.84,28.95,29.05,29.18,29.3,29.37,29.47,29.52,29.53,29.52,28.53,28.65,28.77,28.9,29.06,29.2,29.33,29.47,29.58,29.65,29.68,28.14,28.26,28.41,28.59,28.78,28.99,29.19,29.41,29.61,29.74,29.82,27.49,27.63,27.83,28.03,28.28,28.57,28.89,29.2,29.48,29.65,29.76,26.63,26.82,27.05,27.3,27.61,28,28.44,28.86,29.18,29.39,29.56,25.7,25.9,26.13,26.43,26.82,27.33,27.9,28.42,28.84,29.13
1981,28.49,28.62,28.71,28.79,28.89,28.98,29.04,29.16,29.24,29.3,29.35,28.13,28.29,28.44,28.59,28.77,28.94,29.09,29.27,29.43,29.55,29.64,27.59,27.77,27.98,28.22,28.48,28.76,29.03,29.32,29.59,29.79,29.91,26.82,27.01,27.29,27.58,27.94,28.33,28.76,29.18,29.56,29.8,29.95,25.91,26.14,26.44,26.78,27.2,27.73,28.31,28.86,29.31,29.59,29.8,25.01,25.21,25.49,25.87,26.37,27.02,27.74,28.4,28.96,29.35
1982,28.52,28.61,28.67,28.72,28.78,28.83,28.87,28.95,29.02,29.06,29.09,28.16,28.28,28.4,28.52,28.66,28.81,28.93,29.06,29.21,29.32,29.37,27.58,27.74,27.93,28.15,28.41,28.67,28.91,29.13,29.35,29.55,29.64,26.79,26.97,27.24,27.57,27.93,28.31,28.7,29.03,29.32,29.56,29.71,25.8,26.03,26.37,26.78,27.26,27.79,28.33,28.79,29.13,29.36,29.57,24.75,25,25.37,25.84,26.4,27.07,27.76,28.36,28.84,29.15
1983,30.08,30.12,30.1,30.03,29.93,29.79,29.65,29.56,29.51,29.45,29.4,29.75,29.83,29.86,29.83,29.79,29.72,29.62,29.54,29.53,29.51,29.48,29.19,29.3,29.39,29.46,29.48,29.49,29.46,29.46,29.52,29.55,29.56,28.4,28.53,28.67,28.81,28.92,29.01,29.1,29.22,29.33,29.41,29.42,27.43,27.61,27.79,27.98,28.16,28.37,28.64,28.88,29.03,29.11,29.19,26.39,26.59,26.8,27.03,27.3,27.64,28.08,28.46,28.73,28.87
1984,28.8,28.81,28.84,28.86,28.88,28.88,28.87,28.89,28.95,28.99,29.02,28.66,28.72,28.77,28.82,28.87,28.92,28.96,28.99,29.09,29.16,29.19,28.32,28.39,28.49,28.61,28.72,28.84,28.93,29.05,29.21,29.33,29.4,27.73,27.82,27.95,28.13,28.31,28.51,28.72,28.96,29.18,29.33,29.38,26.95,27.06,27.22,27.44,27.71,28.02,28.4,28.76,29.01,29.15,29.24,26.1,26.2,26.37,26.61,26.93,27.38,27.94,28.43,28.77,28.97
1985,29.04,29.1,29.14,29.15,29.16,29.15,29.14,29.16,29.25,29.31,29.36,28.82,28.91,28.98,29.06,29.13,29.17,29.2,29.25,29.35,29.45,29.51,28.44,28.53,28.64,28.77,28.9,29.03,29.16,29.3,29.46,29.59,29.66,27.76,27.89,28.05,28.25,28.47,28.71,28.96,29.2,29.41,29.55,29.64,26.92,27.09,27.29,27.54,27.82,28.21,28.61,28.97,29.21,29.36,29.48,26,26.18,26.41,26.69,27.05,27.51,28.08,28.58,28.95,29.16
1986,28.62,28.73,28.83,28.9,28.98,29.04,29.09,29.16,29.27,29.33,29.37,28.26,28.4,28.54,28.7,28.86,29,29.12,29.26,29.42,29.55,29.6,27.73,27.87,28.05,28.28,28.53,28.79,29.05,29.31,29.56,29.76,29.88,26.88,27.05,27.3,27.62,27.98,28.39,28.8,29.2,29.54,29.78,29.91,25.89,26.09,26.38,26.77,27.22,27.79,28.39,28.93,29.33,29.6,29.78,24.86,25.05,25.36,25.79,26.32,26.98,27.75,28.45,29.02,29.38
1987,29.8,29.8,29.75,29.62,29.46,29.28,29.12,29.01,28.98,28.95,28.95,29.43,29.48,29.47,29.43,29.36,29.26,29.14,29.07,29.07,29.08,29.07,28.88,28.94,28.99,29.03,29.07,29.07,29.08,29.11,29.18,29.23,29.26,27.99,28.1,28.24,28.4,28.56,28.72,28.87,29.03,29.16,29.23,29.24,26.91,27.09,27.3,27.55,27.82,28.17,28.52,28.81,28.99,29.07,29.11,25.78,25.96,26.22,26.54,26.93,27.39,27.95,28.42,28.74,28.89
1988,29.35,29.35,29.33,29.29,29.25,29.19,29.13,29.12,29.17,29.21,29.26,29.17,29.23,29.26,29.28,29.3,29.33,29.33,29.36,29.45,29.52,29.56,28.68,28.77,28.9,29.04,29.17,29.31,29.45,29.59,29.74,29.85,29.91,27.95,28.09,28.31,28.54,28.82,29.11,29.4,29.66,29.87,29.99,30.02,26.97,27.17,27.47,27.83,28.2,28.69,29.19,29.58,29.83,29.94,29.97,25.92,26.15,26.5,26.96,27.46,28.05,28.72,29.26,29.65,29.82
1989,29.04,29.11,29.14,29.13,29.11,29.06,28.99,28.96,29,29.02,29.03,28.83,28.94,29.02,29.07,29.14,29.18,29.2,29.23,29.27,29.3,29.31,28.37,28.52,28.69,28.84,29.04,29.2,29.33,29.46,29.57,29.64,29.65,27.62,27.82,28.07,28.33,28.63,28.96,29.24,29.5,29.69,29.79,29.8,26.75,27,27.28,27.62,28.05,28.51,28.97,29.38,29.62,29.72,29.73,25.78,26.01,26.33,26.73,27.25,27.87,28.51,29.03,29.4,29.57
1990,29.22,29.3,29.34,29.31,29.3,29.28,29.24,29.25,29.31,29.37,29.43,28.87,28.97,29.04,29.06,29.1,29.14,29.17,29.24,29.33,29.43,29.51,28.34,28.45,28.55,28.64,28.77,28.89,29.01,29.17,29.34,29.5,29.62,27.57,27.69,27.84,27.98,28.16,28.41,28.65,28.92,29.17,29.38,29.54,26.73,26.87,26.99,27.17,27.43,27.77,28.16,28.56,28.87,29.09,29.3,25.81,25.91,26.04,26.24,26.56,27.01,27.54,28.04,28.49,28.8
1991,28.73,28.82,28.9,28.93,28.98,29.01,29,29,29.04,29.04,29.01,28.43,28.54,28.65,28.72,28.82,28.91,28.97,29.02,29.07,29.09,29.08,27.95,28.07,28.22,28.36,28.56,28.72,28.86,29,29.12,29.19,29.2,27.24,27.37,27.56,27.76,28.01,28.31,28.57,28.82,29.01,29.13,29.17,26.44,26.59,26.77,27.01,27.35,27.74,28.15,28.54,28.78,28.91,28.98,25.57,25.69,25.87,26.13,26.51,27.03,27.6,28.09,28.46,28.67
1992,29.22,29.34,29.4,29.5,29.61,29.68,29.73,29.79,29.85,29.86,29.82,28.86,28.98,29.1,29.23,29.38,29.51,29.61,29.72,29.83,29.9,29.91,28.34,28.46,28.6,28.76,28.99,29.19,29.38,29.57,29.77,29.91,29.97,27.6,27.71,27.87,28.07,28.32,28.65,28.95,29.25,29.52,29.72,29.84,26.8,26.91,27.03,27.22,27.54,27.94,28.37,28.82,29.15,29.38,29.58,25.93,25.98,26.09,26.27,26.6,27.09,27.67,28.21,28.71,29.04
1993,28.7,28.76,28.78,28.81,28.86,28.91,28.94,29.01,29.1,29.17,29.22,28.34,28.41,28.46,28.55,28.67,28.78,28.87,28.99,29.14,29.27,29.36,27.78,27.85,27.95,28.08,28.25,28.47,28.68,28.91,29.15,29.35,29.49,27.04,27.12,27.22,27.4,27.65,27.91,28.26,28.61,28.93,29.2,29.4,26.16,26.24,26.34,26.53,26.84,27.25,27.72,28.18,28.56,28.85,29.15,25.23,25.27,25.37,25.57,25.91,26.42,27.02,27.6,28.14,28.53
1994,28.79,28.9,28.95,28.94,28.92,28.88,28.82,28.79,28.8,28.81,28.81,28.46,28.61,28.71,28.77,28.82,28.85,28.85,28.86,28.89,28.91,28.91,27.96,28.13,28.26,28.42,28.58,28.7,28.81,28.9,29,29.05,29.05,27.25,27.43,27.64,27.87,28.1,28.35,28.58,28.79,28.93,29,29.01,26.38,26.59,26.87,27.18,27.51,27.88,28.25,28.56,28.73,28.8,28.85,25.47,25.71,26.01,26.36,26.78,27.3,27.84,28.28,28.51,28.61
1995,28.66,28.73,28.77,28.83,28.89,28.92,28.93,28.96,29.02,29.06,29.09,28.37,28.47,28.56,28.67,28.78,28.9,28.98,29.06,29.17,29.25,29.3,27.93,28.04,28.19,28.37,28.56,28.76,28.94,29.12,29.29,29.43,29.5,27.28,27.4,27.6,27.85,28.13,28.43,28.73,29.01,29.26,29.43,29.51,26.47,26.62,26.85,27.15,27.51,27.95,28.4,28.8,29.08,29.24,29.37,25.61,25.75,26.01,26.35,26.78,27.32,27.92,28.44,28.84,29.06
1996,29.43,29.45,29.44,29.39,29.34,29.26,29.17,29.13,29.13,29.14,29.17,28.98,29.03,29.08,29.11,29.14,29.15,29.14,29.15,29.19,29.23,29.28,28.3,28.37,28.48,28.63,28.77,28.9,29.02,29.13,29.25,29.35,29.4,27.41,27.52,27.7,27.92,28.16,28.43,28.69,28.94,29.14,29.27,29.35,26.37,26.52,26.77,27.07,27.43,27.84,28.27,28.64,28.89,29.04,29.18,25.29,25.47,25.76,26.12,26.6,27.17,27.78,28.3,28.65,28.84
1997,28.88,28.94,28.96,28.97,29,29.01,29,29.03,29.08,29.11,29.13,28.54,28.61,28.7,28.8,28.91,29.01,29.07,29.15,29.25,29.32,29.35,27.99,28.11,28.26,28.43,28.63,28.86,29.05,29.23,29.41,29.55,29.61,27.23,27.34,27.57,27.85,28.16,28.48,28.84,29.16,29.43,29.6,29.67,26.31,26.44,26.69,27.05,27.47,27.97,28.48,28.93,29.24,29.43,29.57,25.33,25.47,25.75,26.13,26.63,27.27,27.95,28.53,28.98,29.25
1998,29.78,29.88,29.95,30.01,30.07,30.1,30.09,30.1,30.13,30.14,30.13,29.42,29.54,29.66,29.78,29.92,30.02,30.09,30.16,30.26,30.33,30.36,28.85,28.99,29.15,29.33,29.52,29.75,29.93,30.12,30.31,30.46,30.55,28.08,28.22,28.42,28.65,28.91,29.19,29.54,29.88,30.15,30.36,30.51,27.16,27.32,27.53,27.8,28.12,28.53,28.99,29.43,29.79,30.04,30.29,26.2,26.3,26.52,26.83,27.23,27.75,28.35,28.92,29.41,29.74
1999,29.17,29.3,29.38,29.45,29.5,29.51,29.46,29.44,29.42,29.4,29.37,28.87,29.02,29.17,29.31,29.44,29.5,29.5,29.5,29.5,29.49,29.45,28.33,28.53,28.76,28.97,29.16,29.34,29.45,29.51,29.57,29.58,29.56,27.56,27.81,28.11,28.42,28.7,28.96,29.21,29.4,29.5,29.53,29.5,26.6,26.92,27.3,27.7,28.1,28.5,28.88,29.15,29.28,29.31,29.32,25.56,25.9,26.34,26.84,27.39,27.96,28.51,28.91,29.08,29.12
2000,29.04,29.15,29.24,29.3,29.34,29.33,29.3,29.3,29.34,29.35,29.36,28.77,28.93,29.07,29.18,29.27,29.34,29.37,29.39,29.44,29.5,29.5,28.28,28.48,28.68,28.87,29.06,29.22,29.34,29.45,29.54,29.63,29.65,27.54,27.77,28.03,28.31,28.6,28.88,29.15,29.36,29.51,29.59,29.63,26.58,26.87,27.18,27.54,27.94,28.38,28.82,29.15,29.33,29.39,29.47,25.57,25.88,26.23,26.64,27.15,27.74,28.33,28.81,29.08,29.2
2001,29.2,29.24,29.25,29.24,29.22,29.17,29.11,29.1,29.14,29.16,29.17,28.88,28.96,29.02,29.05,29.07,29.08,29.09,29.1,29.14,29.22,29.24,28.36,28.46,28.56,28.66,28.77,28.87,28.96,29.05,29.17,29.26,29.32,27.59,27.72,27.87,28.03,28.22,28.43,28.64,28.84,29.02,29.14,29.22,26.64,26.79,26.99,27.22,27.5,27.84,28.2,28.52,28.73,28.85,28.97,25.63,25.79,26.01,26.29,26.65,27.11,27.63,28.08,28.39,28.57
2002,29.77,29.82,29.83,29.8,29.76,29.71,29.65,29.65,29.69,29.73,29.77,29.54,29.62,29.66,29.67,29.69,29.7,29.7,29.73,29.8,29.88,29.93,29.09,29.19,29.27,29.34,29.43,29.53,29.62,29.73,29.86,29.98,30.08,28.4,28.53,28.66,28.79,28.95,29.13,29.33,29.55,29.75,29.91,30.02,27.52,27.66,27.82,28.02,28.25,28.55,28.91,29.23,29.48,29.65,29.82,26.56,26.69,26.85,27.05,27.32,27.73,28.24,28.72,29.11,29.36
2003,29.32,29.43,29.45,29.46,29.48,29.48,29.46,29.48,29.52,29.55,29.6,28.91,29.05,29.13,29.2,29.3,29.38,29.44,29.52,29.62,29.71,29.78,28.31,28.44,28.58,28.76,28.96,29.16,29.34,29.52,29.71,29.86,29.95,27.46,27.61,27.84,28.1,28.4,28.73,29.06,29.38,29.64,29.83,29.94,26.47,26.64,26.91,27.24,27.65,28.12,28.63,29.08,29.41,29.63,29.81,25.42,25.59,25.86,26.25,26.74,27.35,28.03,28.61,29.12,29.44
2004,28.94,29,29.01,29.02,29.09,29.14,29.16,29.22,29.3,29.35,29.39,28.63,28.68,28.7,28.74,28.83,28.93,29,29.09,29.2,29.3,29.37,28.14,28.16,28.21,28.3,28.44,28.59,28.75,28.91,29.09,29.24,29.37,27.44,27.47,27.55,27.67,27.85,28.09,28.36,28.62,28.86,29.05,29.2,26.63,26.66,26.75,26.9,27.13,27.46,27.85,28.21,28.49,28.71,28.94,25.79,25.8,25.87,26.03,26.3,26.72,27.24,27.71,28.13,28.42
2005,29.05,29.21,29.4,29.53,29.62,29.69,29.74,29.82,29.9,29.94,29.95,28.66,28.89,29.13,29.32,29.52,29.67,29.79,29.93,30.09,30.19,30.24,28.09,28.36,28.62,28.89,29.19,29.48,29.75,29.98,30.21,30.41,30.51,27.34,27.58,27.88,28.21,28.59,29,29.42,29.81,30.16,30.4,30.55,26.46,26.71,27.02,27.38,27.82,28.34,28.91,29.44,29.87,30.18,30.4,25.6,25.82,26.1,26.45,26.92,27.53,28.22,28.88,29.49,29.9
2006,29.24,29.31,29.38,29.37,29.31,29.23,29.16,29.12,29.1,29.08,29.07,28.77,28.89,29.02,29.06,29.11,29.1,29.07,29.06,29.09,29.11,29.11,28.08,28.25,28.39,28.54,28.69,28.82,28.92,28.98,29.06,29.14,29.17,27.15,27.33,27.53,27.77,28.02,28.29,28.54,28.76,28.93,29.02,29.07,26.07,26.29,26.55,26.86,27.22,27.62,28.04,28.4,28.64,28.78,28.86,25.03,25.25,25.52,25.85,26.28,26.82,27.41,27.92,28.32,28.53
2007,29.29,29.31,29.27,29.21,29.15,29.08,29.04,29.06,29.1,29.13,29.15,28.89,28.96,28.99,29,29.04,29.05,29.04,29.09,29.18,29.25,29.29,28.31,28.4,28.49,28.59,28.72,28.86,28.98,29.1,29.24,29.37,29.44,27.5,27.62,27.76,27.94,28.16,28.41,28.69,28.94,29.17,29.31,29.4,26.56,26.72,26.91,27.16,27.46,27.83,28.25,28.64,28.92,29.11,29.24,25.61,25.78,25.98,26.24,26.6,27.1,27.67,28.19,28.62,28.87
2008,29.26,29.36,29.39,29.39,29.38,29.34,29.27,29.23,29.19,29.18,29.19,29,29.13,29.26,29.31,29.38,29.43,29.45,29.47,29.49,29.5,29.52,28.5,28.67,28.87,29.05,29.23,29.4,29.54,29.67,29.8,29.84,29.84,27.73,27.94,28.22,28.53,28.83,29.14,29.44,29.71,29.91,30.01,29.98,26.79,27.08,27.41,27.79,28.21,28.69,29.18,29.6,29.85,29.95,29.95,25.83,26.14,26.47,26.9,27.42,28.05,28.71,29.25,29.64,29.83
2009,29.31,29.49,29.62,29.71,29.78,29.82,29.82,29.82,29.83,29.84,29.85,28.92,29.13,29.33,29.49,29.63,29.77,29.87,29.95,30.03,30.09,30.13,28.29,28.52,28.78,29.05,29.33,29.57,29.78,30,30.18,30.31,30.38,27.42,27.67,27.97,28.33,28.7,29.1,29.49,29.85,30.13,30.32,30.41,26.41,26.68,27.02,27.42,27.89,28.43,29,29.51,29.89,30.13,30.27,25.42,25.67,26,26.42,26.96,27.62,28.35,29,29.54,29.89
2010,29.21,29.35,29.47,29.6,29.75,29.89,29.99,30.05,30.1,30.14,30.17,28.8,28.96,29.15,29.35,29.53,29.74,29.92,30.06,30.17,30.25,30.35,28.21,28.37,28.6,28.87,29.17,29.44,29.71,29.98,30.21,30.36,30.48,27.42,27.58,27.82,28.14,28.5,28.9,29.33,29.71,30.04,30.28,30.42,26.52,26.71,26.95,27.26,27.67,28.18,28.75,29.28,29.72,30.02,30.24,25.66,25.82,26.05,26.36,26.8,27.4,28.11,28.77,29.33,29.73
2011,29.3,29.36,29.37,29.33,29.25,29.14,29,28.89,28.81,28.73,28.66,29.09,29.19,29.25,29.26,29.25,29.21,29.12,29.02,28.95,28.87,28.78,28.65,28.81,28.95,29.05,29.13,29.16,29.17,29.14,29.11,29.05,28.95,27.97,28.18,28.41,28.62,28.8,28.95,29.08,29.15,29.16,29.1,28.99,27.1,27.4,27.71,28.02,28.33,28.64,28.92,29.11,29.13,29.05,28.92,26.21,26.56,26.92,27.31,27.74,28.24,28.72,29.04,29.07,29.01
2012,29.39,29.39,29.39,29.37,29.34,29.26,29.17,29.16,29.19,29.22,29.24,29.25,29.27,29.26,29.25,29.28,29.29,29.24,29.22,29.27,29.33,29.35,28.89,28.94,28.98,29.03,29.08,29.16,29.24,29.28,29.36,29.44,29.48,28.25,28.34,28.47,28.61,28.74,28.89,29.04,29.21,29.32,29.39,29.43,27.38,27.53,27.73,27.98,28.25,28.53,28.84,29.08,29.19,29.22,29.26,26.42,26.62,26.85,27.16,27.55,28.03,28.51,28.88,29.02,29.08
2013,29.34,29.41,29.46,29.49,29.52,29.54,29.53,29.52,29.54,29.55,29.55,29.02,29.14,29.26,29.36,29.48,29.57,29.64,29.69,29.74,29.76,29.77,28.51,28.67,28.85,29.06,29.28,29.48,29.65,29.81,29.93,30.01,30.01,27.76,27.95,28.22,28.52,28.84,29.17,29.48,29.76,29.97,30.07,30.08,26.83,27.09,27.41,27.79,28.23,28.7,29.18,29.58,29.83,29.95,29.98,25.87,26.13,26.48,26.9,27.44,28.07,28.74,29.27,29.6,29.79
2014,29.74,29.82,29.85,29.83,29.81,29.76,29.71,29.66,29.64,29.64,29.69,29.44,29.56,29.63,29.67,29.7,29.75,29.78,29.82,29.86,29.9,29.93,28.9,29.06,29.2,29.33,29.46,29.59,29.72,29.9,30.05,30.15,30.19,28.11,28.28,28.51,28.74,28.98,29.23,29.51,29.78,30.03,30.2,30.28,27.16,27.35,27.61,27.94,28.32,28.73,29.18,29.58,29.87,30.05,30.16,26.19,26.33,26.59,26.96,27.44,28.04,28.7,29.24,29.61,29.87
2015,29.59,29.67,29.72,29.72,29.74,29.75,29.73,29.72,29.72,29.7,29.68,29.28,29.39,29.48,29.53,29.59,29.67,29.72,29.75,29.8,29.83,29.82,28.76,28.88,29.01,29.17,29.33,29.47,29.61,29.74,29.87,29.96,29.98,28.02,28.16,28.35,28.58,28.84,29.11,29.37,29.61,29.8,29.93,29.98,27.11,27.28,27.51,27.83,28.19,28.61,29.03,29.4,29.63,29.76,29.85,26.16,26.32,26.57,26.92,27.38,27.96,28.58,29.09,29.41,29.62
2016,30.22,30.32,30.36,30.32,30.3,30.26,30.21,30.22,30.26,30.27,30.26,29.69,29.84,29.97,30.03,30.11,30.18,30.22,30.28,30.39,30.48,30.5,28.96,29.1,29.29,29.53,29.73,29.92,30.09,30.25,30.45,30.63,30.71,28.01,28.2,28.41,28.71,29.07,29.41,29.74,30.05,30.32,30.55,30.7,26.97,27.13,27.4,27.76,28.18,28.7,29.21,29.68,30.04,30.29,30.51,25.91,26.07,26.31,26.66,27.16,27.8,28.5,29.15,29.68,30.07
2017,28.67,28.77,28.84,28.89,28.97,29.04,29.08,29.13,29.19,29.24,29.29,28.24,28.37,28.52,28.64,28.78,28.94,29.06,29.17,29.29,29.39,29.45,27.59,27.75,27.94,28.18,28.43,28.69,28.93,29.15,29.37,29.54,29.62,26.74,26.92,27.16,27.47,27.83,28.21,28.6,28.97,29.27,29.49,29.61,25.76,25.94,26.22,26.59,27.03,27.57,28.13,28.63,29,29.25,29.44,24.75,24.92,25.2,25.59,26.11,26.76,27.48,28.14,28.66,29.02
2018,29.24,29.44,29.57,29.61,29.66,29.7,29.7,29.72,29.75,29.77,29.84,28.77,29.01,29.22,29.35,29.49,29.63,29.72,29.82,29.92,30.01,30.08,28.07,28.34,28.62,28.9,29.15,29.41,29.64,29.86,30.07,30.24,30.33,27.16,27.44,27.78,28.16,28.56,28.96,29.35,29.72,30.04,30.28,30.4,26.11,26.38,26.76,27.21,27.75,28.33,28.91,29.43,29.83,30.1,30.29,24.99,25.28,25.67,26.17,26.79,27.5,28.27,28.96,29.52,29.93
2019,29.4,29.45,29.46,29.42,29.39,29.34,29.28,29.24,29.23,29.22,29.23,29.02,29.11,29.17,29.2,29.24,29.27,29.28,29.3,29.34,29.38,29.4,28.42,28.54,28.66,28.79,28.93,29.06,29.18,29.3,29.43,29.53,29.57,27.55,27.7,27.88,28.13,28.36,28.62,28.88,29.12,29.34,29.48,29.55,26.51,26.68,26.91,27.21,27.57,27.99,28.42,28.79,29.06,29.24,29.36,25.43,25.59,25.83,26.14,26.58,27.13,27.73,28.27,28.7,28.98
